state_code,county_code,site_number,parameter_code,poc,latitude,longitude,datum,parameter,sample_duration_code,sample_duration,pollutant_standard,date_local,units_of_measure,event_type,observation_count,observation_percent,validity_indicator,arithmetic_mean,first_max_value,first_max_hour,aqi,method_code,method,local_site_name,site_address,state,county,city,cbsa_code,cbsa,date_of_last_change
25,025,0002,88101,1,42.348873,-71.097163,WGS84,PM2.5 - Local Conditions,7,24 HOUR,PM25 24-hour 2006,2023-01-12,Micrograms/cubic meter (LC),No Events,1,100.0,Y,8.8,8.8,0,49.0,145,R & P Model 2025 PM-2.5 Sequential Air Sampler w/VSCC - Gravimetric,BOSTON KENMORE SQ,KENMORE SQ,Massachusetts,Suffolk,Boston,14460,"Boston-Cambridge-Newton, MA-NH",2024-08-06
25,025,0002,88101,1,42.348873,-71.097163,WGS84,PM2.5 - Local Conditions,7,24 HOUR,PM25 Annual 2006,2023-01-12,Micrograms/cubic meter (LC),No Events,1,100.0,Y,8.8,8.8,0,49.0,145,R & P Model 2025 PM-2.5 Sequential Air Sampler w/VSCC - Gravimetric,BOSTON KENMORE SQ,KENMORE SQ,Massachusetts,Suffolk,Boston,14460,"Boston-Cambridge-Newton, MA-NH",2024-08-06
25,025,0002,88101,1,42.348873,-71.097163,WGS84,PM2.5 - Local Conditions,7,24 HOUR,PM25 24-hour 2012,2023-01-12,Micrograms/cubic meter (LC),No Events,1,100.0,Y,8.8,8.8,0,49.0,145,R & P Model 2025 PM-2.5 Sequential Air Sampler w/VSCC - Gravimetric,BOSTON KENMORE SQ,KENMORE SQ,Massachusetts,Suffolk,Boston,14460,"Boston-Cambridge-Newton, MA-NH",2024-08-06
25,025,0002,88101,1,42.348873,-71.097163,WGS84,PM2.5 - Local Conditions,7,24 HOUR,PM25 Annual 2012,2023-01-12,Micrograms/cubic meter (LC),No Events,1,100.0,Y,8.8,8.8,0,49.0,145,R & P Model 2025 PM-2.5 Sequential Air Sampler w/VSCC - Gravimetric,BOSTON KENMORE SQ,KENMORE SQ,Massachusetts,Suffolk,Boston,14460,"Boston-Cambridge-Newton, MA-NH",2024-08-06
25,025,0002,88101,1,42.348873,-71.097163,WGS84,PM2.5 - Local Conditions,7,24 HOUR,PM25 24-hour 1997,2023-01-12,Micrograms/cubic meter (LC),No Events,1,100.0,Y,8.8,8.8,0,49.0,145,R & P Model 2025 PM-2.5 Sequential Air Sampler w/VSCC - Gravimetric,BOSTON KENMORE SQ,KENMORE SQ,Massachusetts,Suffolk,Boston,14460,"Boston-Cambridge-Newton, MA-NH",2024-08-06
25,025,0002,88101,1,42.348873,-71.097163,WGS84,PM2.5 - Local Conditions,7,24 HOUR,PM25 Annual 1997,2023-01-12,Micrograms/cubic meter (LC),No Events,1,100.0,Y,8.8,8.8,0,49.0,145,R & P Model 2025 PM-2.5 Sequential Air Sampler w/VSCC - Gravimetric,BOSTON KENMORE SQ,KENMORE SQ,Massachusetts,Suffolk,Boston,14460,"Boston-Cambridge-Newton, MA-NH",2024-08-06
25,025,0002,88101,1,42.348873,-71.097163,WGS84,PM2.5 - Local Conditions,7,24 HOUR,PM25 24-hour 2024,2023-01-12,Micrograms/cubic meter (LC),No Events,1,100.0,Y,8.8,8.8,0,49.0,145,R & P Model 2025 PM-2.5 Sequential Air Sampler w/VSCC - Gravimetric,BOSTON KENMORE SQ,KENMORE SQ,Massachusetts,Suffolk,Boston,14460,"Boston-Cambridge-Newton, MA-NH",2024-08-06
25,025,0002,88101,1,42.348873,-71.097163,WGS84,PM2.5 - Local Conditions,7,24 HOUR,PM25 Annual 2024,2023-01-12,Micrograms/cubic meter (LC),No Events,1,100.0,Y,8.8,8.8,0,49.0,145,R & P Model 2025 PM-2.5 Sequential Air Sampler w/VSCC - Gravimetric,BOSTON KENMORE SQ,KENMORE SQ,Massachusetts,Suffolk,Boston,14460,"Boston-Cambridge-Newton, MA-NH",2024-08-06
25,025,0002,88101,1,42.348873,-71.097163,WGS84,PM2.5 - Local Conditions,7,24 HOUR,PM25 24-hour 2006,2023-01-15,Micrograms/cubic meter (LC),No Events,1,100.0,Y,3.4,3.4,0,19.0,145,R & P Model 2025 PM-2.5 Sequential Air Sampler w/VSCC - Gravimetric,BOSTON KENMORE SQ,KENMORE SQ,Massachusetts,Suffolk,Boston,14460,"Boston-Cambridge-Newton, MA-NH",2024-08-06
25,025,0002,88101,1,42.348873,-71.097163,WGS84,PM2.5 - Local Conditions,7,24 HOUR,PM25 Annual 2006,2023-01-15,Micrograms/cubic meter (LC),No Events,1,100.0,Y,3.4,3.4,0,19.0,145,R & P Model 2025 PM-2.5 Sequential Air Sampler w/VSCC - Gravimetric,BOSTON KENMORE SQ,KENMORE SQ,Massachusetts,Suffolk,Boston,14460,"Boston-Cambridge-Newton, MA-NH",2024-08-06
25,025,0002,88101,1,42.348873,-71.097163,WGS84,PM2.5 - Local Conditions,7,24 HOUR,PM25 24-hour 2012,2023-01-15,Micrograms/cubic meter (LC),No Events,1,100.0,Y,3.4,3.4,0,19.0,145,R & P Model 2025 PM-2.5 Sequential Air Sampler w/VSCC - Gravimetric,BOSTON KENMORE SQ,KENMORE SQ,Massachusetts,Suffolk,Boston,14460,"Boston-Cambridge-Newton, MA-NH",2024-08-06
25,025,0002,88101,1,42.348873,-71.097163,WGS84,PM2.5 - Local Conditions,7,24 HOUR,PM25 Annual 2012,2023-01-15,Micrograms/cubic meter (LC),No Events,1,100.0,Y,3.4,3.4,0,19.0,145,R & P Model 2025 PM-2.5 Sequential Air Sampler w/VSCC - Gravimetric,BOSTON KENMORE SQ,KENMORE SQ,Massachusetts,Suffolk,Boston,14460,"Boston-Cambridge-Newton, MA-NH",2024-08-06
25,025,0002,88101,1,42.348873,-71.097163,WGS84,PM2.5 - Local Conditions,7,24 HOUR,PM25 24-hour 1997,2023-01-15,Micrograms/cubic meter (LC),No Events,1,100.0,Y,3.4,3.4,0,19.0,145,R & P Model 2025 PM-2.5 Sequential Air Sampler w/VSCC - Gravimetric,BOSTON KENMORE SQ,KENMORE SQ,Massachusetts,Suffolk,Boston,14460,"Boston-Cambridge-Newton, MA-NH",2024-08-06
25,025,0002,88101,1,42.348873,-71.097163,WGS84,PM2.5 - Local Conditions,7,24 HOUR,PM25 Annual 1997,2023-01-15,Micrograms/cubic meter (LC),No Events,1,100.0,Y,3.4,3.4,0,19.0,145,R & P Model 2025 PM-2.5 Sequential Air Sampler w/VSCC - Gravimetric,BOSTON KENMORE SQ,KENMORE SQ,Massachusetts,Suffolk,Boston,14460,"Boston-Cambridge-Newton, MA-NH",2024-08-06
25,025,0002,88101,1,42.348873,-71.097163,WGS84,PM2.5 - Local Conditions,7,24 HOUR,PM25 24-hour 2024,2023-01-15,Micrograms/cubic meter (LC),No Events,1,100.0,Y,3.4,3.4,0,19.0,145,R & P Model 2025 PM-2.5 Sequential Air Sampler w/VSCC - Gravimetric,BOSTON KENMORE SQ,KENMORE SQ,Massachusetts,Suffolk,Boston,14460,"Boston-Cambridge-Newton, MA-NH",2024-08-06
25,025,0002,88101,1,42.348873,-71.097163,WGS84,PM2.5 - Local Conditions,7,24 HOUR,PM25 Annual 2024,2023-01-15,Micrograms/cubic meter (LC),No Events,1,100.0,Y,3.4,3.4,0,19.0,145,R & P Model 2025 PM-2.5 Sequential Air Sampler w/VSCC - Gravimetric,BOSTON KENMORE SQ,KENMORE SQ,Massachusetts,Suffolk,Boston,14460,"Boston-Cambridge-Newton, MA-NH",2024-08-06
25,025,0002,88101,1,42.348873,-71.097163,WGS84,PM2.5 - Local Conditions,7,24 HOUR,PM25 24-hour 2006,2023-01-18,Micrograms/cubic meter (LC),No Events,1,100.0,Y,4.5,4.5,0,25.0,145,R & P Model 2025 PM-2.5 Sequential Air Sampler w/VSCC - Gravimetric,BOSTON KENMORE SQ,KENMORE SQ,Massachusetts,Suffolk,Boston,14460,"Boston-Cambridge-Newton, MA-NH",2024-08-06
25,025,0002,88101,1,42.348873,-71.097163,WGS84,PM2.5 - Local Conditions,7,24 HOUR,PM25 Annual 2006,2023-01-18,Micrograms/cubic meter (LC),No Events,1,100.0,Y,4.5,4.5,0,25.0,145,R & P Model 2025 PM-2.5 Sequential Air Sampler w/VSCC - Gravimetric,BOSTON KENMORE SQ,KENMORE SQ,Massachusetts,Suffolk,Boston,14460,"Boston-Cambridge-Newton, MA-NH",2024-08-06
25,025,0002,88101,1,42.348873,-71.097163,WGS84,PM2.5 - Local Conditions,7,24 HOUR,PM25 24-hour 2012,2023-01-18,Micrograms/cubic meter (LC),No Events,1,100.0,Y,4.5,4.5,0,25.0,145,R & P Model 2025 PM-2.5 Sequential Air Sampler w/VSCC - Gravimetric,BOSTON KENMORE SQ,KENMORE SQ,Massachusetts,Suffolk,Boston,14460,"Boston-Cambridge-Newton, MA-NH",2024-08-06
25,025,0002,88101,1,42.348873,-71.097163,WGS84,PM2.5 - Local Conditions,7,24 HOUR,PM25 Annual 2012,2023-01-18,Micrograms/cubic meter (LC),No Events,1,100.0,Y,4.5,4.5,0,25.0,145,R & P Model 2025 PM-2.5 Sequential Air Sampler w/VSCC - Gravimetric,BOSTON KENMORE SQ,KENMORE SQ,Massachusetts,Suffolk,Boston,14460,"Boston-Cambridge-Newton, MA-NH",2024-08-06
25,025,0002,88101,1,42.348873,-71.097163,WGS84,PM2.5 - Local Conditions,7,24 HOUR,PM25 24-hour 1997,2023-01-18,Micrograms/cubic meter (LC),No Events,1,100.0,Y,4.5,4.5,0,25.0,145,R & P Model 2025 PM-2.5 Sequential Air Sampler w/VSCC - Gravimetric,BOSTON KENMORE SQ,KENMORE SQ,Massachusetts,Suffolk,Boston,14460,"Boston-Cambridge-Newton, MA-NH",2024-08-06
25,025,0002,88101,1,42.348873,-71.097163,WGS84,PM2.5 - Local Conditions,7,24 HOUR,PM25 Annual 1997,2023-01-18,Micrograms/cubic meter (LC),No Events,1,100.0,Y,4.5,4.5,0,25.0,145,R & P Model 2025 PM-2.5 Sequential Air Sampler w/VSCC - Gravimetric,BOSTON KENMORE SQ,KENMORE SQ,Massachusetts,Suffolk,Boston,14460,"Boston-Cambridge-Newton, MA-NH",2024-08-06
25,025,0002,88101,1,42.348873,-71.097163,WGS84,PM2.5 - Local Conditions,7,24 HOUR,PM25 24-hour 2024,2023-01-18,Micrograms/cubic meter (LC),No Events,1,100.0,Y,4.5,4.5,0,25.0,145,R & P Model 2025 PM-2.5 Sequential Air Sampler w/VSCC - Gravimetric,BOSTON KENMORE SQ,KENMORE SQ,Massachusetts,Suffolk,Boston,14460,"Boston-Cambridge-Newton, MA-NH",2024-08-06
25,025,0002,88101,1,42.348873,-71.097163,WGS84,PM2.5 - Local Conditions,7,24 HOUR,PM25 Annual 2024,2023-01-18,Micrograms/cubic meter (LC),No Events,1,100.0,Y,4.5,4.5,0,25.0,145,R & P Model 2025 PM-2.5 Sequential Air Sampler w/VSCC - Gravimetric,BOSTON KENMORE SQ,KENMORE SQ,Massachusetts,Suffolk,Boston,14460,"Boston-Cambridge-Newton, MA-NH",2024-08-06
25,025,0002,88101,1,42.348873,-71.097163,WGS84,PM2.5 - Local Conditions,7,24 HOUR,PM25 24-hour 2006,2023-02-05,Micrograms/cubic meter (LC),No Events,1,100.0,Y,5.8,5.8,0,32.0,145,R & P Model 2025 PM-2.5 Sequential Air Sampler w/VSCC - Gravimetric,BOSTON KENMORE SQ,KENMORE SQ,Massachusetts,Suffolk,Boston,14460,"Boston-Cambridge-Newton, MA-NH",2024-08-06
25,025,0002,88101,1,42.348873,-71.097163,WGS84,PM2.5 - Local Conditions,7,24 HOUR,PM25 Annual 2006,2023-02-05,Micrograms/cubic meter (LC),No Events,1,100.0,Y,5.8,5.8,0,32.0,145,R & P Model 2025 PM-2.5 Sequential Air Sampler w/VSCC - Gravimetric,BOSTON KENMORE SQ,KENMORE SQ,Massachusetts,Suffolk,Boston,14460,"Boston-Cambridge-Newton, MA-NH",2024-08-06
25,025,0002,88101,1,42.348873,-71.097163,WGS84,PM2.5 - Local Conditions,7,24 HOUR,PM25 24-hour 2012,2023-02-05,Micrograms/cubic meter (LC),No Events,1,100.0,Y,5.8,5.8,0,32.0,145,R & P Model 2025 PM-2.5 Sequential Air Sampler w/VSCC - Gravimetric,BOSTON KENMORE SQ,KENMORE SQ,Massachusetts,Suffolk,Boston,14460,"Boston-Cambridge-Newton, MA-NH",2024-08-06
25,025,0002,88101,1,42.348873,-71.097163,WGS84,PM2.5 - Local Conditions,7,24 HOUR,PM25 Annual 2012,2023-02-05,Micrograms/cubic meter (LC),No Events,1,100.0,Y,5.8,5.8,0,32.0,145,R & P Model 2025 PM-2.5 Sequential Air Sampler w/VSCC - Gravimetric,BOSTON KENMORE SQ,KENMORE SQ,Massachusetts,Suffolk,Boston,14460,"Boston-Cambridge-Newton, MA-NH",2024-08-06
25,025,0002,88101,1,42.348873,-71.097163,WGS84,PM2.5 - Local Conditions,7,24 HOUR,PM25 24-hour 1997,2023-02-05,Micrograms/cubic meter (LC),No Events,1,100.0,Y,5.8,5.8,0,32.0,145,R & P Model 2025 PM-2.5 Sequential Air Sampler w/VSCC - Gravimetric,BOSTON KENMORE SQ,KENMORE SQ,Massachusetts,Suffolk,Boston,14460,"Boston-Cambridge-Newton, MA-NH",2024-08-06
25,025,0002,88101,1,42.348873,-71.097163,WGS84,PM2.5 - Local Conditions,7,24 HOUR,PM25 Annual 1997,2023-02-05,Micrograms/cubic meter (LC),No Events,1,100.0,Y,5.8,5.8,0,32.0,145,R & P Model 2025 PM-2.5 Sequential Air Sampler w/VSCC - Gravimetric,BOSTON KENMORE SQ,KENMORE SQ,Massachusetts,Suffolk,Boston,14460,"Boston-Cambridge-Newton, MA-NH",2024-08-06
25,025,0002,88101,1,42.348873,-71.097163,WGS84,PM2.5 - Local Conditions,7,24 HOUR,PM25 24-hour 2024,2023-02-05,Micrograms/cubic meter (LC),No Events,1,100.0,Y,5.8,5.8,0,32.0,145,R & P Model 2025 PM-2.5 Sequential Air Sampler w/VSCC - Gravimetric,BOSTON KENMORE SQ,KENMORE SQ,Massachusetts,Suffolk,Boston,14460,"Boston-Cambridge-Newton, MA-NH",2024-08-06
25,025,0002,88101,1,42.348873,-71.097163,WGS84,PM2.5 - Local Conditions,7,24 HOUR,PM25 Annual 2024,2023-02-05,Micrograms/cubic meter (LC),No Events,1,100.0,Y,5.8,5.8,0,32.0,145,R & P Model 2025 PM-2.5 Sequential Air Sampler w/VSCC - Gravimetric,BOSTON KENMORE SQ,KENMORE SQ,Massachusetts,Suffolk,Boston,14460,"Boston-Cambridge-Newton, MA-NH",2024-08-06
25,025,0002,88101,1,42.348873,-71.097163,WGS84,PM2.5 - Local Conditions,7,24 HOUR,PM25 24-hour 2006,2023-02-08,Micrograms/cubic meter (LC),No Events,1,100.0,Y,7.9,7.9,0,44.0,145,R & P Model 2025 PM-2.5 Sequential Air Sampler w/VSCC - Gravimetric,BOSTON KENMORE SQ,KENMORE SQ,Massachusetts,Suffolk,Boston,14460,"Boston-Cambridge-Newton, MA-NH",2024-08-06
25,025,0002,88101,1,42.348873,-71.097163,WGS84,PM2.5 - Local Conditions,7,24 HOUR,PM25 Annual 2006,2023-02-08,Micrograms/cubic meter (LC),No Events,1,100.0,Y,7.9,7.9,0,44.0,145,R & P Model 2025 PM-2.5 Sequential Air Sampler w/VSCC - Gravimetric,BOSTON KENMORE SQ,KENMORE SQ,Massachusetts,Suffolk,Boston,14460,"Boston-Cambridge-Newton, MA-NH",2024-08-06
25,025,0002,88101,1,42.348873,-71.097163,WGS84,PM2.5 - Local Conditions,7,24 HOUR,PM25 24-hour 2012,2023-02-08,Micrograms/cubic meter (LC),No Events,1,100.0,Y,7.9,7.9,0,44.0,145,R & P Model 2025 PM-2.5 Sequential Air Sampler w/VSCC - Gravimetric,BOSTON KENMORE SQ,KENMORE SQ,Massachusetts,Suffolk,Boston,14460,"Boston-Cambridge-Newton, MA-NH",2024-08-06
25,025,0002,88101,1,42.348873,-71.097163,WGS84,PM2.5 - Local Conditions,7,24 HOUR,PM25 Annual 2012,2023-02-08,Micrograms/cubic meter (LC),No Events,1,100.0,Y,7.9,7.9,0,44.0,145,R & P Model 2025 PM-2.5 Sequential Air Sampler w/VSCC - Gravimetric,BOSTON KENMORE SQ,KENMORE SQ,Massachusetts,Suffolk,Boston,14460,"Boston-Cambridge-Newton, MA-NH",2024-08-06
25,025,0002,88101,1,42.348873,-71.097163,WGS84,PM2.5 - Local Conditions,7,24 HOUR,PM25 24-hour 1997,2023-02-08,Micrograms/cubic meter (LC),No Events,1,100.0,Y,7.9,7.9,0,44.0,145,R & P Model 2025 PM-2.5 Sequential Air Sampler w/VSCC - Gravimetric,BOSTON KENMORE SQ,KENMORE SQ,Massachusetts,Suffolk,Boston,14460,"Boston-Cambridge-Newton, MA-NH",2024-08-06
25,025,0002,88101,1,42.348873,-71.097163,WGS84,PM2.5 - Local Conditions,7,24 HOUR,PM25 Annual 1997,2023-02-08,Micrograms/cubic meter (LC),No Events,1,100.0,Y,7.9,7.9,0,44.0,145,R & P Model 2025 PM-2.5 Sequential Air Sampler w/VSCC - Gravimetric,BOSTON KENMORE SQ,KENMORE SQ,Massachusetts,Suffolk,Boston,14460,"Boston-Cambridge-Newton, MA-NH",2024-08-06
25,025,0002,88101,1,42.348873,-71.097163,WGS84,PM2.5 - Local Conditions,7,24 HOUR,PM25 24-hour 2024,2023-02-08,Micrograms/cubic meter (LC),No Events,1,100.0,Y,7.9,7.9,0,44.0,145,R & P Model 2025 PM-2.5 Sequential Air Sampler w/VSCC - Gravimetric,BOSTON KENMORE SQ,KENMORE SQ,Massachusetts,Suffolk,Boston,14460,"Boston-Cambridge-Newton, MA-NH",2024-08-06
25,025,0002,88101,1,42.348873,-71.097163,WGS84,PM2.5 - Local Conditions,7,24 HOUR,PM25 Annual 2024,2023-02-08,Micrograms/cubic meter (LC),No Events,1,100.0,Y,7.9,7.9,0,44.0,145,R & P Model 2025 PM-2.5 Sequential Air Sampler w/VSCC - Gravimetric,BOSTON KENMORE SQ,KENMORE SQ,Massachusetts,Suffolk,Boston,14460,"Boston-Cambridge-Newton, MA-NH",2024-08-06
25,025,0002,88101,1,42.348873,-71.097163,WGS84,PM2.5 - Local Conditions,7,24 HOUR,PM25 24-hour 2006,2023-02-11,Micrograms/cubic meter (LC),No Events,1,100.0,Y,2.7,2.7,0,15.0,145,R & P Model 2025 PM-2.5 Sequential Air Sampler w/VSCC - Gravimetric,BOSTON KENMORE SQ,KENMORE SQ,Massachusetts,Suffolk,Boston,14460,"Boston-Cambridge-Newton, MA-NH",2024-08-06
25,025,0002,88101,1,42.348873,-71.097163,WGS84,PM2.5 - Local Conditions,7,24 HOUR,PM25 Annual 2006,2023-02-11,Micrograms/cubic meter (LC),No Events,1,100.0,Y,2.7,2.7,0,15.0,145,R & P Model 2025 PM-2.5 Sequential Air Sampler w/VSCC - Gravimetric,BOSTON KENMORE SQ,KENMORE SQ,Massachusetts,Suffolk,Boston,14460,"Boston-Cambridge-Newton, MA-NH",2024-08-06
25,025,0002,88101,1,42.348873,-71.097163,WGS84,PM2.5 - Local Conditions,7,24 HOUR,PM25 24-hour 2012,2023-02-11,Micrograms/cubic meter (LC),No Events,1,100.0,Y,2.7,2.7,0,15.0,145,R & P Model 2025 PM-2.5 Sequential Air Sampler w/VSCC - Gravimetric,BOSTON KENMORE SQ,KENMORE SQ,Massachusetts,Suffolk,Boston,14460,"Boston-Cambridge-Newton, MA-NH",2024-08-06
25,025,0002,88101,1,42.348873,-71.097163,WGS84,PM2.5 - Local Conditions,7,24 HOUR,PM25 Annual 2012,2023-02-11,Micrograms/cubic meter (LC),No Events,1,100.0,Y,2.7,2.7,0,15.0,145,R & P Model 2025 PM-2.5 Sequential Air Sampler w/VSCC - Gravimetric,BOSTON KENMORE SQ,KENMORE SQ,Massachusetts,Suffolk,Boston,14460,"Boston-Cambridge-Newton, MA-NH",2024-08-06
25,025,0002,88101,1,42.348873,-71.097163,WGS84,PM2.5 - Local Conditions,7,24 HOUR,PM25 24-hour 1997,2023-02-11,Micrograms/cubic meter (LC),No Events,1,100.0,Y,2.7,2.7,0,15.0,145,R & P Model 2025 PM-2.5 Sequential Air Sampler w/VSCC - Gravimetric,BOSTON KENMORE SQ,KENMORE SQ,Massachusetts,Suffolk,Boston,14460,"Boston-Cambridge-Newton, MA-NH",2024-08-06
25,025,0002,88101,1,42.348873,-71.097163,WGS84,PM2.5 - Local Conditions,7,24 HOUR,PM25 Annual 1997,2023-02-11,Micrograms/cubic meter (LC),No Events,1,100.0,Y,2.7,2.7,0,15.0,145,R & P Model 2025 PM-2.5 Sequential Air Sampler w/VSCC - Gravimetric,BOSTON KENMORE SQ,KENMORE SQ,Massachusetts,Suffolk,Boston,14460,"Boston-Cambridge-Newton, MA-NH",2024-08-06
25,025,0002,88101,1,42.348873,-71.097163,WGS84,PM2.5 - Local Conditions,7,24 HOUR,PM25 24-hour 2024,2023-02-11,Micrograms/cubic meter (LC),No Events,1,100.0,Y,2.7,2.7,0,15.0,145,R & P Model 2025 PM-2.5 Sequential Air Sampler w/VSCC - Gravimetric,BOSTON KENMORE SQ,KENMORE SQ,Massachusetts,Suffolk,Boston,14460,"Boston-Cambridge-Newton, MA-NH",2024-08-06
25,025,0002,88101,1,42.348873,-71.097163,WGS84,PM2.5 - Local Conditions,7,24 HOUR,PM25 Annual 2024,2023-02-11,Micrograms/cubic meter (LC),No Events,1,100.0,Y,2.7,2.7,0,15.0,145,R & P Model 2025 PM-2.5 Sequential Air Sampler w/VSCC - Gravimetric,BOSTON KENMORE SQ,KENMORE SQ,Massachusetts,Suffolk,Boston,14460,"Boston-Cambridge-Newton, MA-NH",2024-08-06
25,025,0002,88101,1,42.348873,-71.097163,WGS84,PM2.5 - Local Conditions,7,24 HOUR,PM25 24-hour 2006,2023-02-14,Micrograms/cubic meter (LC),No Events,1,100.0,Y,5.2,5.2,0,29.0,145,R & P Model 2025 PM-2.5 Sequential Air Sampler w/VSCC - Gravimetric,BOSTON KENMORE SQ,KENMORE SQ,Massachusetts,Suffolk,Boston,14460,"Boston-Cambridge-Newton, MA-NH",2024-08-06
25,025,0002,88101,1,42.348873,-71.097163,WGS84,PM2.5 - Local Conditions,7,24 HOUR,PM25 Annual 2006,2023-02-14,Micrograms/cubic meter (LC),No Events,1,100.0,Y,5.2,5.2,0,29.0,145,R & P Model 2025 PM-2.5 Sequential Air Sampler w/VSCC - Gravimetric,BOSTON KENMORE SQ,KENMORE SQ,Massachusetts,Suffolk,Boston,14460,"Boston-Cambridge-Newton, MA-NH",2024-08-06
25,025,0002,88101,1,42.348873,-71.097163,WGS84,PM2.5 - Local Conditions,7,24 HOUR,PM25 24-hour 2012,2023-02-14,Micrograms/cubic meter (LC),No Events,1,100.0,Y,5.2,5.2,0,29.0,145,R & P Model 2025 PM-2.5 Sequential Air Sampler w/VSCC - Gravimetric,BOSTON KENMORE SQ,KENMORE SQ,Massachusetts,Suffolk,Boston,14460,"Boston-Cambridge-Newton, MA-NH",2024-08-06
25,025,0002,88101,1,42.348873,-71.097163,WGS84,PM2.5 - Local Conditions,7,24 HOUR,PM25 Annual 2012,2023-02-14,Micrograms/cubic meter (LC),No Events,1,100.0,Y,5.2,5.2,0,29.0,145,R & P Model 2025 PM-2.5 Sequential Air Sampler w/VSCC - Gravimetric,BOSTON KENMORE SQ,KENMORE SQ,Massachusetts,Suffolk,Boston,14460,"Boston-Cambridge-Newton, MA-NH",2024-08-06
25,025,0002,88101,1,42.348873,-71.097163,WGS84,PM2.5 - Local Conditions,7,24 HOUR,PM25 24-hour 1997,2023-02-14,Micrograms/cubic meter (LC),No Events,1,100.0,Y,5.2,5.2,0,29.0,145,R & P Model 2025 PM-2.5 Sequential Air Sampler w/VSCC - Gravimetric,BOSTON KENMORE SQ,KENMORE SQ,Massachusetts,Suffolk,Boston,14460,"Boston-Cambridge-Newton, MA-NH",2024-08-06
25,025,0002,88101,1,42.348873,-71.097163,WGS84,PM2.5 - Local Conditions,7,24 HOUR,PM25 Annual 1997,2023-02-14,Micrograms/cubic meter (LC),No Events,1,100.0,Y,5.2,5.2,0,29.0,145,R & P Model 2025 PM-2.5 Sequential Air Sampler w/VSCC - Gravimetric,BOSTON KENMORE SQ,KENMORE SQ,Massachusetts,Suffolk,Boston,14460,"Boston-Cambridge-Newton, MA-NH",2024-08-06
25,025,0002,88101,1,42.348873,-71.097163,WGS84,PM2.5 - Local Conditions,7,24 HOUR,PM25 24-hour 2024,2023-02-14,Micrograms/cubic meter (LC),No Events,1,100.0,Y,5.2,5.2,0,29.0,145,R & P Model 2025 PM-2.5 Sequential Air Sampler w/VSCC - Gravimetric,BOSTON KENMORE SQ,KENMORE SQ,Massachusetts,Suffolk,Boston,14460,"Boston-Cambridge-Newton, MA-NH",2024-08-06
25,025,0002,88101,1,42.348873,-71.097163,WGS84,PM2.5 - Local Conditions,7,24 HOUR,PM25 Annual 2024,2023-02-14,Micrograms/cubic meter (LC),No Events,1,100.0,Y,5.2,5.2,0,29.0,145,R & P Model 2025 PM-2.5 Sequential Air Sampler w/VSCC - Gravimetric,BOSTON KENMORE SQ,KENMORE SQ,Massachusetts,Suffolk,Boston,14460,"Boston-Cambridge-Newton, MA-NH",2024-08-06
25,025,0002,88101,1,42.348873,-71.097163,WGS84,PM2.5 - Local Conditions,7,24 HOUR,PM25 24-hour 2006,2023-02-17,Micrograms/cubic meter (LC),No Events,1,100.0,Y,0.2,0.2,0,1.0,145,R & P Model 2025 PM-2.5 Sequential Air Sampler w/VSCC - Gravimetric,BOSTON KENMORE SQ,KENMORE SQ,Massachusetts,Suffolk,Boston,14460,"Boston-Cambridge-Newton, MA-NH",2024-08-06
25,025,0002,88101,1,42.348873,-71.097163,WGS84,PM2.5 - Local Conditions,7,24 HOUR,PM25 Annual 2006,2023-02-17,Micrograms/cubic meter (LC),No Events,1,100.0,Y,0.2,0.2,0,1.0,145,R & P Model 2025 PM-2.5 Sequential Air Sampler w/VSCC - Gravimetric,BOSTON KENMORE SQ,KENMORE SQ,Massachusetts,Suffolk,Boston,14460,"Boston-Cambridge-Newton, MA-NH",2024-08-06
25,025,0002,88101,1,42.348873,-71.097163,WGS84,PM2.5 - Local Conditions,7,24 HOUR,PM25 24-hour 2012,2023-02-17,Micrograms/cubic meter (LC),No Events,1,100.0,Y,0.2,0.2,0,1.0,145,R & P Model 2025 PM-2.5 Sequential Air Sampler w/VSCC - Gravimetric,BOSTON KENMORE SQ,KENMORE SQ,Massachusetts,Suffolk,Boston,14460,"Boston-Cambridge-Newton, MA-NH",2024-08-06
25,025,0002,88101,1,42.348873,-71.097163,WGS84,PM2.5 - Local Conditions,7,24 HOUR,PM25 Annual 2012,2023-02-17,Micrograms/cubic meter (LC),No Events,1,100.0,Y,0.2,0.2,0,1.0,145,R & P Model 2025 PM-2.5 Sequential Air Sampler w/VSCC - Gravimetric,BOSTON KENMORE SQ,KENMORE SQ,Massachusetts,Suffolk,Boston,14460,"Boston-Cambridge-Newton, MA-NH",2024-08-06
25,025,0002,88101,1,42.348873,-71.097163,WGS84,PM2.5 - Local Conditions,7,24 HOUR,PM25 24-hour 1997,2023-02-17,Micrograms/cubic meter (LC),No Events,1,100.0,Y,0.2,0.2,0,1.0,145,R & P Model 2025 PM-2.5 Sequential Air Sampler w/VSCC - Gravimetric,BOSTON KENMORE SQ,KENMORE SQ,Massachusetts,Suffolk,Boston,14460,"Boston-Cambridge-Newton, MA-NH",2024-08-06
25,025,0002,88101,1,42.348873,-71.097163,WGS84,PM2.5 - Local Conditions,7,24 HOUR,PM25 Annual 1997,2023-02-17,Micrograms/cubic meter (LC),No Events,1,100.0,Y,0.2,0.2,0,1.0,145,R & P Model 2025 PM-2.5 Sequential Air Sampler w/VSCC - Gravimetric,BOSTON KENMORE SQ,KENMORE SQ,Massachusetts,Suffolk,Boston,14460,"Boston-Cambridge-Newton, MA-NH",2024-08-06
25,025,0002,88101,1,42.348873,-71.097163,WGS84,PM2.5 - Local Conditions,7,24 HOUR,PM25 24-hour 2024,2023-02-17,Micrograms/cubic meter (LC),No Events,1,100.0,Y,0.2,0.2,0,1.0,145,R & P Model 2025 PM-2.5 Sequential Air Sampler w/VSCC - Gravimetric,BOSTON KENMORE SQ,KENMORE SQ,Massachusetts,Suffolk,Boston,14460,"Boston-Cambridge-Newton, MA-NH",2024-08-06
25,025,0002,88101,1,42.348873,-71.097163,WGS84,PM2.5 - Local Conditions,7,24 HOUR,PM25 Annual 2024,2023-02-17,Micrograms/cubic meter (LC),No Events,1,100.0,Y,0.2,0.2,0,1.0,145,R & P Model 2025 PM-2.5 Sequential Air Sampler w/VSCC - Gravimetric,BOSTON KENMORE SQ,KENMORE SQ,Massachusetts,Suffolk,Boston,14460,"Boston-Cambridge-Newton, MA-NH",2024-08-06
25,025,0002,88101,1,42.348873,-71.097163,WGS84,PM2.5 - Local Conditions,7,24 HOUR,PM25 24-hour 2006,2023-03-04,Micrograms/cubic meter (LC),No Events,1,100.0,Y,2.1,2.1,0,12.0,145,R & P Model 2025 PM-2.5 Sequential Air Sampler w/VSCC - Gravimetric,BOSTON KENMORE SQ,KENMORE SQ,Massachusetts,Suffolk,Boston,14460,"Boston-Cambridge-Newton, MA-NH",2024-08-06
25,025,0002,88101,1,42.348873,-71.097163,WGS84,PM2.5 - Local Conditions,7,24 HOUR,PM25 Annual 2006,2023-03-04,Micrograms/cubic meter (LC),No Events,1,100.0,Y,2.1,2.1,0,12.0,145,R & P Model 2025 PM-2.5 Sequential Air Sampler w/VSCC - Gravimetric,BOSTON KENMORE SQ,KENMORE SQ,Massachusetts,Suffolk,Boston,14460,"Boston-Cambridge-Newton, MA-NH",2024-08-06
25,025,0002,88101,1,42.348873,-71.097163,WGS84,PM2.5 - Local Conditions,7,24 HOUR,PM25 24-hour 2012,2023-03-04,Micrograms/cubic meter (LC),No Events,1,100.0,Y,2.1,2.1,0,12.0,145,R & P Model 2025 PM-2.5 Sequential Air Sampler w/VSCC - Gravimetric,BOSTON KENMORE SQ,KENMORE SQ,Massachusetts,Suffolk,Boston,14460,"Boston-Cambridge-Newton, MA-NH",2024-08-06
25,025,0002,88101,1,42.348873,-71.097163,WGS84,PM2.5 - Local Conditions,7,24 HOUR,PM25 Annual 2012,2023-03-04,Micrograms/cubic meter (LC),No Events,1,100.0,Y,2.1,2.1,0,12.0,145,R & P Model 2025 PM-2.5 Sequential Air Sampler w/VSCC - Gravimetric,BOSTON KENMORE SQ,KENMORE SQ,Massachusetts,Suffolk,Boston,14460,"Boston-Cambridge-Newton, MA-NH",2024-08-06
25,025,0002,88101,1,42.348873,-71.097163,WGS84,PM2.5 - Local Conditions,7,24 HOUR,PM25 24-hour 1997,2023-03-04,Micrograms/cubic meter (LC),No Events,1,100.0,Y,2.1,2.1,0,12.0,145,R & P Model 2025 PM-2.5 Sequential Air Sampler w/VSCC - Gravimetric,BOSTON KENMORE SQ,KENMORE SQ,Massachusetts,Suffolk,Boston,14460,"Boston-Cambridge-Newton, MA-NH",2024-08-06
25,025,0002,88101,1,42.348873,-71.097163,WGS84,PM2.5 - Local Conditions,7,24 HOUR,PM25 Annual 1997,2023-03-04,Micrograms/cubic meter (LC),No Events,1,100.0,Y,2.1,2.1,0,12.0,145,R & P Model 2025 PM-2.5 Sequential Air Sampler w/VSCC - Gravimetric,BOSTON KENMORE SQ,KENMORE SQ,Massachusetts,Suffolk,Boston,14460,"Boston-Cambridge-Newton, MA-NH",2024-08-06
25,025,0002,88101,1,42.348873,-71.097163,WGS84,PM2.5 - Local Conditions,7,24 HOUR,PM25 24-hour 2024,2023-03-04,Micrograms/cubic meter (LC),No Events,1,100.0,Y,2.1,2.1,0,12.0,145,R & P Model 2025 PM-2.5 Sequential Air Sampler w/VSCC - Gravimetric,BOSTON KENMORE SQ,KENMORE SQ,Massachusetts,Suffolk,Boston,14460,"Boston-Cambridge-Newton, MA-NH",2024-08-06
25,025,0002,88101,1,42.348873,-71.097163,WGS84,PM2.5 - Local Conditions,7,24 HOUR,PM25 Annual 2024,2023-03-04,Micrograms/cubic meter (LC),No Events,1,100.0,Y,2.1,2.1,0,12.0,145,R & P Model 2025 PM-2.5 Sequential Air Sampler w/VSCC - Gravimetric,BOSTON KENMORE SQ,KENMORE SQ,Massachusetts,Suffolk,Boston,14460,"Boston-Cambridge-Newton, MA-NH",2024-08-06
25,025,0002,88101,1,42.348873,-71.097163,WGS84,PM2.5 - Local Conditions,7,24 HOUR,PM25 24-hour 2006,2023-03-07,Micrograms/cubic meter (LC),No Events,1,100.0,Y,3.9,3.9,0,22.0,145,R & P Model 2025 PM-2.5 Sequential Air Sampler w/VSCC - Gravimetric,BOSTON KENMORE SQ,KENMORE SQ,Massachusetts,Suffolk,Boston,14460,"Boston-Cambridge-Newton, MA-NH",2024-08-06
25,025,0002,88101,1,42.348873,-71.097163,WGS84,PM2.5 - Local Conditions,7,24 HOUR,PM25 Annual 2006,2023-03-07,Micrograms/cubic meter (LC),No Events,1,100.0,Y,3.9,3.9,0,22.0,145,R & P Model 2025 PM-2.5 Sequential Air Sampler w/VSCC - Gravimetric,BOSTON KENMORE SQ,KENMORE SQ,Massachusetts,Suffolk,Boston,14460,"Boston-Cambridge-Newton, MA-NH",2024-08-06
25,025,0002,88101,1,42.348873,-71.097163,WGS84,PM2.5 - Local Conditions,7,24 HOUR,PM25 24-hour 2012,2023-03-07,Micrograms/cubic meter (LC),No Events,1,100.0,Y,3.9,3.9,0,22.0,145,R & P Model 2025 PM-2.5 Sequential Air Sampler w/VSCC - Gravimetric,BOSTON KENMORE SQ,KENMORE SQ,Massachusetts,Suffolk,Boston,14460,"Boston-Cambridge-Newton, MA-NH",2024-08-06
25,025,0002,88101,1,42.348873,-71.097163,WGS84,PM2.5 - Local Conditions,7,24 HOUR,PM25 Annual 2012,2023-03-07,Micrograms/cubic meter (LC),No Events,1,100.0,Y,3.9,3.9,0,22.0,145,R & P Model 2025 PM-2.5 Sequential Air Sampler w/VSCC - Gravimetric,BOSTON KENMORE SQ,KENMORE SQ,Massachusetts,Suffolk,Boston,14460,"Boston-Cambridge-Newton, MA-NH",2024-08-06
25,025,0002,88101,1,42.348873,-71.097163,WGS84,PM2.5 - Local Conditions,7,24 HOUR,PM25 24-hour 1997,2023-03-07,Micrograms/cubic meter (LC),No Events,1,100.0,Y,3.9,3.9,0,22.0,145,R & P Model 2025 PM-2.5 Sequential Air Sampler w/VSCC - Gravimetric,BOSTON KENMORE SQ,KENMORE SQ,Massachusetts,Suffolk,Boston,14460,"Boston-Cambridge-Newton, MA-NH",2024-08-06
25,025,0002,88101,1,42.348873,-71.097163,WGS84,PM2.5 - Local Conditions,7,24 HOUR,PM25 Annual 1997,2023-03-07,Micrograms/cubic meter (LC),No Events,1,100.0,Y,3.9,3.9,0,22.0,145,R & P Model 2025 PM-2.5 Sequential Air Sampler w/VSCC - Gravimetric,BOSTON KENMORE SQ,KENMORE SQ,Massachusetts,Suffolk,Boston,14460,"Boston-Cambridge-Newton, MA-NH",2024-08-06
25,025,0002,88101,1,42.348873,-71.097163,WGS84,PM2.5 - Local Conditions,7,24 HOUR,PM25 24-hour 2024,2023-03-07,Micrograms/cubic meter (LC),No Events,1,100.0,Y,3.9,3.9,0,22.0,145,R & P Model 2025 PM-2.5 Sequential Air Sampler w/VSCC - Gravimetric,BOSTON KENMORE SQ,KENMORE SQ,Massachusetts,Suffolk,Boston,14460,"Boston-Cambridge-Newton, MA-NH",2024-08-06
25,025,0002,88101,1,42.348873,-71.097163,WGS84,PM2.5 - Local Conditions,7,24 HOUR,PM25 Annual 2024,2023-03-07,Micrograms/cubic meter (LC),No Events,1,100.0,Y,3.9,3.9,0,22.0,145,R & P Model 2025 PM-2.5 Sequential Air Sampler w/VSCC - Gravimetric,BOSTON KENMORE SQ,KENMORE SQ,Massachusetts,Suffolk,Boston,14460,"Boston-Cambridge-Newton, MA-NH",2024-08-06
25,025,0002,88101,1,42.348873,-71.097163,WGS84,PM2.5 - Local Conditions,7,24 HOUR,PM25 24-hour 2006,2023-03-10,Micrograms/cubic meter (LC),No Events,1,100.0,Y,5.8,5.8,0,32.0,145,R & P Model 2025 PM-2.5 Sequential Air Sampler w/VSCC - Gravimetric,BOSTON KENMORE SQ,KENMORE SQ,Massachusetts,Suffolk,Boston,14460,"Boston-Cambridge-Newton, MA-NH",2024-08-06
25,025,0002,88101,1,42.348873,-71.097163,WGS84,PM2.5 - Local Conditions,7,24 HOUR,PM25 Annual 2006,2023-03-10,Micrograms/cubic meter (LC),No Events,1,100.0,Y,5.8,5.8,0,32.0,145,R & P Model 2025 PM-2.5 Sequential Air Sampler w/VSCC - Gravimetric,BOSTON KENMORE SQ,KENMORE SQ,Massachusetts,Suffolk,Boston,14460,"Boston-Cambridge-Newton, MA-NH",2024-08-06
25,025,0002,88101,1,42.348873,-71.097163,WGS84,PM2.5 - Local Conditions,7,24 HOUR,PM25 24-hour 2012,2023-03-10,Micrograms/cubic meter (LC),No Events,1,100.0,Y,5.8,5.8,0,32.0,145,R & P Model 2025 PM-2.5 Sequential Air Sampler w/VSCC - Gravimetric,BOSTON KENMORE SQ,KENMORE SQ,Massachusetts,Suffolk,Boston,14460,"Boston-Cambridge-Newton, MA-NH",2024-08-06
25,025,0002,88101,1,42.348873,-71.097163,WGS84,PM2.5 - Local Conditions,7,24 HOUR,PM25 Annual 2012,2023-03-10,Micrograms/cubic meter (LC),No Events,1,100.0,Y,5.8,5.8,0,32.0,145,R & P Model 2025 PM-2.5 Sequential Air Sampler w/VSCC - Gravimetric,BOSTON KENMORE SQ,KENMORE SQ,Massachusetts,Suffolk,Boston,14460,"Boston-Cambridge-Newton, MA-NH",2024-08-06
25,025,0002,88101,1,42.348873,-71.097163,WGS84,PM2.5 - Local Conditions,7,24 HOUR,PM25 24-hour 1997,2023-03-10,Micrograms/cubic meter (LC),No Events,1,100.0,Y,5.8,5.8,0,32.0,145,R & P Model 2025 PM-2.5 Sequential Air Sampler w/VSCC - Gravimetric,BOSTON KENMORE SQ,KENMORE SQ,Massachusetts,Suffolk,Boston,14460,"Boston-Cambridge-Newton, MA-NH",2024-08-06
25,025,0002,88101,1,42.348873,-71.097163,WGS84,PM2.5 - Local Conditions,7,24 HOUR,PM25 Annual 1997,2023-03-10,Micrograms/cubic meter (LC),No Events,1,100.0,Y,5.8,5.8,0,32.0,145,R & P Model 2025 PM-2.5 Sequential Air Sampler w/VSCC - Gravimetric,BOSTON KENMORE SQ,KENMORE SQ,Massachusetts,Suffolk,Boston,14460,"Boston-Cambridge-Newton, MA-NH",2024-08-06
25,025,0002,88101,1,42.348873,-71.097163,WGS84,PM2.5 - Local Conditions,7,24 HOUR,PM25 24-hour 2024,2023-03-10,Micrograms/cubic meter (LC),No Events,1,100.0,Y,5.8,5.8,0,32.0,145,R & P Model 2025 PM-2.5 Sequential Air Sampler w/VSCC - Gravimetric,BOSTON KENMORE SQ,KENMORE SQ,Massachusetts,Suffolk,Boston,14460,"Boston-Cambridge-Newton, MA-NH",2024-08-06
25,025,0002,88101,1,42.348873,-71.097163,WGS84,PM2.5 - Local Conditions,7,24 HOUR,PM25 24-hour 2012,2023-03-13,Micrograms/cubic meter (LC),No Events,1,100.0,Y,6.8,6.8,0,38.0,145,R & P Model 2025 PM-2.5 Sequential Air Sampler w/VSCC - Gravimetric,BOSTON KENMORE SQ,KENMORE SQ,Massachusetts,Suffolk,Boston,14460,"Boston-Cambridge-Newton, MA-NH",2024-08-06
25,025,0002,88101,1,42.348873,-71.097163,WGS84,PM2.5 - Local Conditions,7,24 HOUR,PM25 Annual 2024,2023-03-10,Micrograms/cubic meter (LC),No Events,1,100.0,Y,5.8,5.8,0,32.0,145,R & P Model 2025 PM-2.5 Sequential Air Sampler w/VSCC - Gravimetric,BOSTON KENMORE SQ,KENMORE SQ,Massachusetts,Suffolk,Boston,14460,"Boston-Cambridge-Newton, MA-NH",2024-08-06
25,025,0002,88101,1,42.348873,-71.097163,WGS84,PM2.5 - Local Conditions,7,24 HOUR,PM25 24-hour 2006,2023-03-13,Micrograms/cubic meter (LC),No Events,1,100.0,Y,6.8,6.8,0,38.0,145,R & P Model 2025 PM-2.5 Sequential Air Sampler w/VSCC - Gravimetric,BOSTON KENMORE SQ,KENMORE SQ,Massachusetts,Suffolk,Boston,14460,"Boston-Cambridge-Newton, MA-NH",2024-08-06
25,025,0002,88101,1,42.348873,-71.097163,WGS84,PM2.5 - Local Conditions,7,24 HOUR,PM25 Annual 2006,2023-03-13,Micrograms/cubic meter (LC),No Events,1,100.0,Y,6.8,6.8,0,38.0,145,R & P Model 2025 PM-2.5 Sequential Air Sampler w/VSCC - Gravimetric,BOSTON KENMORE SQ,KENMORE SQ,Massachusetts,Suffolk,Boston,14460,"Boston-Cambridge-Newton, MA-NH",2024-08-06
25,025,0002,88101,1,42.348873,-71.097163,WGS84,PM2.5 - Local Conditions,7,24 HOUR,PM25 Annual 2012,2023-03-13,Micrograms/cubic meter (LC),No Events,1,100.0,Y,6.8,6.8,0,38.0,145,R & P Model 2025 PM-2.5 Sequential Air Sampler w/VSCC - Gravimetric,BOSTON KENMORE SQ,KENMORE SQ,Massachusetts,Suffolk,Boston,14460,"Boston-Cambridge-Newton, MA-NH",2024-08-06
25,025,0002,88101,1,42.348873,-71.097163,WGS84,PM2.5 - Local Conditions,7,24 HOUR,PM25 24-hour 1997,2023-03-13,Micrograms/cubic meter (LC),No Events,1,100.0,Y,6.8,6.8,0,38.0,145,R & P Model 2025 PM-2.5 Sequential Air Sampler w/VSCC - Gravimetric,BOSTON KENMORE SQ,KENMORE SQ,Massachusetts,Suffolk,Boston,14460,"Boston-Cambridge-Newton, MA-NH",2024-08-06
25,025,0002,88101,1,42.348873,-71.097163,WGS84,PM2.5 - Local Conditions,7,24 HOUR,PM25 Annual 1997,2023-03-13,Micrograms/cubic meter (LC),No Events,1,100.0,Y,6.8,6.8,0,38.0,145,R & P Model 2025 PM-2.5 Sequential Air Sampler w/VSCC - Gravimetric,BOSTON KENMORE SQ,KENMORE SQ,Massachusetts,Suffolk,Boston,14460,"Boston-Cambridge-Newton, MA-NH",2024-08-06
25,025,0002,88101,1,42.348873,-71.097163,WGS84,PM2.5 - Local Conditions,7,24 HOUR,PM25 24-hour 2024,2023-03-13,Micrograms/cubic meter (LC),No Events,1,100.0,Y,6.8,6.8,0,38.0,145,R & P Model 2025 PM-2.5 Sequential Air Sampler w/VSCC - Gravimetric,BOSTON KENMORE SQ,KENMORE SQ,Massachusetts,Suffolk,Boston,14460,"Boston-Cambridge-Newton, MA-NH",2024-08-06
25,025,0002,88101,1,42.348873,-71.097163,WGS84,PM2.5 - Local Conditions,7,24 HOUR,PM25 Annual 2024,2023-03-13,Micrograms/cubic meter (LC),No Events,1,100.0,Y,6.8,6.8,0,38.0,145,R & P Model 2025 PM-2.5 Sequential Air Sampler w/VSCC - Gravimetric,BOSTON KENMORE SQ,KENMORE SQ,Massachusetts,Suffolk,Boston,14460,"Boston-Cambridge-Newton, MA-NH",2024-08-06
25,025,0002,88101,1,42.348873,-71.097163,WGS84,PM2.5 - Local Conditions,7,24 HOUR,PM25 24-hour 2006,2023-03-16,Micrograms/cubic meter (LC),No Events,1,100.0,Y,3.0,3.0,0,17.0,145,R & P Model 2025 PM-2.5 Sequential Air Sampler w/VSCC - Gravimetric,BOSTON KENMORE SQ,KENMORE SQ,Massachusetts,Suffolk,Boston,14460,"Boston-Cambridge-Newton, MA-NH",2024-08-06
25,025,0002,88101,1,42.348873,-71.097163,WGS84,PM2.5 - Local Conditions,7,24 HOUR,PM25 Annual 2006,2023-03-16,Micrograms/cubic meter (LC),No Events,1,100.0,Y,3.0,3.0,0,17.0,145,R & P Model 2025 PM-2.5 Sequential Air Sampler w/VSCC - Gravimetric,BOSTON KENMORE SQ,KENMORE SQ,Massachusetts,Suffolk,Boston,14460,"Boston-Cambridge-Newton, MA-NH",2024-08-06
25,025,0002,88101,1,42.348873,-71.097163,WGS84,PM2.5 - Local Conditions,7,24 HOUR,PM25 24-hour 2012,2023-03-16,Micrograms/cubic meter (LC),No Events,1,100.0,Y,3.0,3.0,0,17.0,145,R & P Model 2025 PM-2.5 Sequential Air Sampler w/VSCC - Gravimetric,BOSTON KENMORE SQ,KENMORE SQ,Massachusetts,Suffolk,Boston,14460,"Boston-Cambridge-Newton, MA-NH",2024-08-06
25,025,0002,88101,1,42.348873,-71.097163,WGS84,PM2.5 - Local Conditions,7,24 HOUR,PM25 Annual 2012,2023-03-16,Micrograms/cubic meter (LC),No Events,1,100.0,Y,3.0,3.0,0,17.0,145,R & P Model 2025 PM-2.5 Sequential Air Sampler w/VSCC - Gravimetric,BOSTON KENMORE SQ,KENMORE SQ,Massachusetts,Suffolk,Boston,14460,"Boston-Cambridge-Newton, MA-NH",2024-08-06
