id,name,locality,timezone,country,owner,provider,isMobile,isMonitor,instruments,sensors,coordinates,licenses,bounds,distance,datetimeFirst,datetimeLast,city
396,Boston - North End,,America/New_York,"{'id': 155, 'code': 'US', 'name': 'United States'}","{'id': 4, 'name': 'Unknown Governmental Organization'}","{'id': 119, 'name': 'AirNow'}",False,True,"[{'id': 2, 'name': 'Government Monitor'}]","[{'id': 688, 'name': 'pm25 µg/m³', 'parameter': {'id': 2, 'name': 'pm25', 'units': 'µg/m³', 'displayName': 'PM2.5'}}]","{'latitude': 42.3631, 'longitude': -71.0542}","[{'id': 33, 'name': 'US Public Domain', 'attribution': {'name': 'Unknown Governmental Organization', 'url': None}, 'dateFrom': '2016-01-30', 'dateTo': None}]","[-71.0542, 42.3631, -71.0542, 42.3631]",,"{'utc': '2016-03-10T08:00:00Z', 'local': '2016-03-10T03:00:00-05:00'}","{'utc': '2018-04-04T15:00:00Z', 'local': '2018-04-04T11:00:00-04:00'}",Boston
448,Boston - Roxbury,Boston-Cambridge-Quincy,America/New_York,"{'id': 155, 'code': 'US', 'name': 'United States'}","{'id': 4, 'name': 'Unknown Governmental Organization'}","{'id': 119, 'name': 'AirNow'}",False,True,"[{'id': 2, 'name': 'Government Monitor'}]","[{'id': 775, 'name': 'co ppm', 'parameter': {'id': 8, 'name': 'co', 'units': 'ppm', 'displayName': 'CO'}}, {'id': 4272981, 'name': 'no ppm', 'parameter': {'id': 35, 'name': 'no', 'units': 'ppm', 'displayName': 'NO'}}, {'id': 778, 'name': 'no2 ppm', 'parameter': {'id': 7, 'name': 'no2', 'units': 'ppm', 'displayName': 'NO₂'}}, {'id': 4272938, 'name': 'nox ppm', 'parameter': {'id': 19840, 'name': 'nox', 'units': 'ppm', 'displayName': 'NOx'}}, {'id': 779, 'name': 'o3 ppm', 'parameter': {'id': 10, 'name': 'o3', 'units': 'ppm', 'displayName': 'O₃'}}, {'id': 2381110, 'name': 'pm10 µg/m³', 'parameter': {'id': 1, 'name': 'pm10', 'units': 'µg/m³', 'displayName': 'PM10'}}, {'id': 783, 'name': 'pm25 µg/m³', 'parameter': {'id': 2, 'name': 'pm25', 'units': 'µg/m³', 'displayName': 'PM2.5'}}, {'id': 782, 'name': 'so2 ppm', 'parameter': {'id': 9, 'name': 'so2', 'units': 'ppm', 'displayName': 'SO₂'}}]","{'latitude': 42.329399, 'longitude': -71.082497}","[{'id': 33, 'name': 'US Public Domain', 'attribution': {'name': 'Unknown Governmental Organization', 'url': None}, 'dateFrom': '2016-01-30', 'dateTo': None}]","[-71.082497, 42.329399, -71.082497, 42.329399]",,"{'utc': '2016-03-10T08:00:00Z', 'local': '2016-03-10T03:00:00-05:00'}","{'utc': '2026-04-05T22:00:00Z', 'local': '2026-04-05T18:00:00-04:00'}",Boston
452,Boston - Von Hillern,Boston-Cambridge-Quincy,America/New_York,"{'id': 155, 'code': 'US', 'name': 'United States'}","{'id': 4, 'name': 'Unknown Governmental Organization'}","{'id': 119, 'name': 'AirNow'}",False,True,"[{'id': 2, 'name': 'Government Monitor'}]","[{'id': 784, 'name': 'co ppm', 'parameter': {'id': 8, 'name': 'co', 'units': 'ppm', 'displayName': 'CO'}}, {'id': 4272209, 'name': 'no ppm', 'parameter': {'id': 35, 'name': 'no', 'units': 'ppm', 'displayName': 'NO'}}, {'id': 785, 'name': 'no2 ppm', 'parameter': {'id': 7, 'name': 'no2', 'units': 'ppm', 'displayName': 'NO₂'}}, {'id': 4272244, 'name': 'nox ppm', 'parameter': {'id': 19840, 'name': 'nox', 'units': 'ppm', 'displayName': 'NOx'}}, {'id': 786, 'name': 'pm25 µg/m³', 'parameter': {'id': 2, 'name': 'pm25', 'units': 'µg/m³', 'displayName': 'PM2.5'}}]","{'latitude': 42.325197, 'longitude': -71.056056}","[{'id': 33, 'name': 'US Public Domain', 'attribution': {'name': 'Unknown Governmental Organization', 'url': None}, 'dateFrom': '2016-01-30', 'dateTo': None}]","[-71.056056, 42.325197, -71.056056, 42.325197]",,"{'utc': '2016-03-10T08:00:00Z', 'local': '2016-03-10T03:00:00-05:00'}","{'utc': '2026-04-05T22:00:00Z', 'local': '2026-04-05T18:00:00-04:00'}",Boston
521,Boston - Kenmore Sq,Boston-Cambridge-Quincy,America/New_York,"{'id': 155, 'code': 'US', 'name': 'United States'}","{'id': 4, 'name': 'Unknown Governmental Organization'}","{'id': 119, 'name': 'AirNow'}",False,True,"[{'id': 2, 'name': 'Government Monitor'}]","[{'id': 4272225, 'name': 'no ppm', 'parameter': {'id': 35, 'name': 'no', 'units': 'ppm', 'displayName': 'NO'}}, {'id': 900, 'name': 'no2 ppm', 'parameter': {'id': 7, 'name': 'no2', 'units': 'ppm', 'displayName': 'NO₂'}}, {'id': 4272202, 'name': 'nox ppm', 'parameter': {'id': 19840, 'name': 'nox', 'units': 'ppm', 'displayName': 'NOx'}}, {'id': 25772, 'name': 'pm25 µg/m³', 'parameter': {'id': 2, 'name': 'pm25', 'units': 'µg/m³', 'displayName': 'PM2.5'}}, {'id': 906, 'name': 'so2 ppm', 'parameter': {'id': 9, 'name': 'so2', 'units': 'ppm', 'displayName': 'SO₂'}}]","{'latitude': 42.3489, 'longitude': -71.097702}","[{'id': 33, 'name': 'US Public Domain', 'attribution': {'name': 'Unknown Governmental Organization', 'url': None}, 'dateFrom': '2016-01-30', 'dateTo': None}]","[-71.097702, 42.3489, -71.097702, 42.3489]",,"{'utc': '2016-03-10T08:00:00Z', 'local': '2016-03-10T03:00:00-05:00'}","{'utc': '2026-04-05T22:00:00Z', 'local': '2026-04-05T18:00:00-04:00'}",Boston
224972,Chelsea,Boston-Cambridge-Quincy,America/New_York,"{'id': 155, 'code': 'US', 'name': 'United States'}","{'id': 4, 'name': 'Unknown Governmental Organization'}","{'id': 119, 'name': 'AirNow'}",False,True,"[{'id': 2, 'name': 'Government Monitor'}]","[{'id': 1301470, 'name': 'pm25 µg/m³', 'parameter': {'id': 2, 'name': 'pm25', 'units': 'µg/m³', 'displayName': 'PM2.5'}}]","{'latitude': 42.387222, 'longitude': -71.026111}","[{'id': 33, 'name': 'US Public Domain', 'attribution': {'name': 'Unknown Governmental Organization', 'url': None}, 'dateFrom': '2016-01-30', 'dateTo': None}]","[-71.026111, 42.387222, -71.026111, 42.387222]",,"{'utc': '2021-04-21T19:00:00Z', 'local': '2021-04-21T15:00:00-04:00'}","{'utc': '2026-04-05T22:00:00Z', 'local': '2026-04-05T18:00:00-04:00'}",Boston
788805,Boston - Chinatown,Boston-Cambridge-Quincy,America/New_York,"{'id': 155, 'code': 'US', 'name': 'United States'}","{'id': 4, 'name': 'Unknown Governmental Organization'}","{'id': 119, 'name': 'AirNow'}",False,True,"[{'id': 2, 'name': 'Government Monitor'}]","[{'id': 4302520, 'name': 'pm25 µg/m³', 'parameter': {'id': 2, 'name': 'pm25', 'units': 'µg/m³', 'displayName': 'PM2.5'}}]","{'latitude': 42.349954, 'longitude': -71.059194}","[{'id': 33, 'name': 'US Public Domain', 'attribution': {'name': 'Unknown Governmental Organization', 'url': None}, 'dateFrom': '2016-01-30', 'dateTo': None}]","[-71.059194, 42.349954, -71.059194, 42.349954]",,"{'utc': '2023-03-31T06:00:00Z', 'local': '2023-03-31T02:00:00-04:00'}","{'utc': '2026-04-05T22:00:00Z', 'local': '2026-04-05T18:00:00-04:00'}",Boston
1235987,"Roxbury, Boston, MA",,America/New_York,"{'id': 155, 'code': 'US', 'name': 'United States'}","{'id': 4, 'name': 'Unknown Governmental Organization'}","{'id': 66, 'name': 'AirGradient'}",False,False,"[{'id': 1, 'name': 'N/A'}, {'id': 7, 'name': 'Unknown AirGradient Sensor'}]","[{'id': 7971192, 'name': 'pm1 µg/m³', 'parameter': {'id': 19, 'name': 'pm1', 'units': 'µg/m³', 'displayName': 'PM1'}}, {'id': 7978420, 'name': 'pm1 µg/m³', 'parameter': {'id': 19, 'name': 'pm1', 'units': 'µg/m³', 'displayName': 'PM1'}}, {'id': 7971320, 'name': 'pm10 µg/m³', 'parameter': {'id': 1, 'name': 'pm10', 'units': 'µg/m³', 'displayName': 'PM10'}}, {'id': 7978413, 'name': 'pm10 µg/m³', 'parameter': {'id': 1, 'name': 'pm10', 'units': 'µg/m³', 'displayName': 'PM10'}}, {'id': 6530161, 'name': 'pm25 µg/m³', 'parameter': {'id': 2, 'name': 'pm25', 'units': 'µg/m³', 'displayName': 'PM2.5'}}, {'id': 7972267, 'name': 'relativehumidity %', 'parameter': {'id': 98, 'name': 'relativehumidity', 'units': '%', 'displayName': 'RH'}}, {'id': 6530151, 'name': 'temperature c', 'parameter': {'id': 100, 'name': 'temperature', 'units': 'c', 'displayName': 'Temperature (C)'}}, {'id': 7972269, 'name': 'um003 particles/cm³', 'parameter': {'id': 125, 'name': 'um003', 'units': 'particles/cm³', 'displayName': 'PM0.3 count'}}]","{'latitude': 42.32719, 'longitude': -71.08677}","[{'id': 41, 'name': 'CC BY 4.0', 'attribution': {'name': 'Unknown Governmental Organization', 'url': None}, 'dateFrom': '2023-07-15', 'dateTo': None}]","[-71.08677, 42.32719, -71.08677, 42.32719]",,"{'utc': '2023-07-15T13:00:00Z', 'local': '2023-07-15T09:00:00-04:00'}","{'utc': '2024-11-14T01:00:00Z', 'local': '2024-11-13T20:00:00-05:00'}",Boston
1296826,Chandler Street,,America/New_York,"{'id': 155, 'code': 'US', 'name': 'United States'}","{'id': 4, 'name': 'Unknown Governmental Organization'}","{'id': 66, 'name': 'AirGradient'}",False,False,"[{'id': 1, 'name': 'N/A'}, {'id': 7, 'name': 'Unknown AirGradient Sensor'}]","[{'id': 7970899, 'name': 'pm1 µg/m³', 'parameter': {'id': 19, 'name': 'pm1', 'units': 'µg/m³', 'displayName': 'PM1'}}, {'id': 7978526, 'name': 'pm1 µg/m³', 'parameter': {'id': 19, 'name': 'pm1', 'units': 'µg/m³', 'displayName': 'PM1'}}, {'id': 7978522, 'name': 'pm10 µg/m³', 'parameter': {'id': 1, 'name': 'pm10', 'units': 'µg/m³', 'displayName': 'PM10'}}, {'id': 7971168, 'name': 'pm10 µg/m³', 'parameter': {'id': 1, 'name': 'pm10', 'units': 'µg/m³', 'displayName': 'PM10'}}, {'id': 6584748, 'name': 'pm25 µg/m³', 'parameter': {'id': 2, 'name': 'pm25', 'units': 'µg/m³', 'displayName': 'PM2.5'}}, {'id': 7972404, 'name': 'relativehumidity %', 'parameter': {'id': 98, 'name': 'relativehumidity', 'units': '%', 'displayName': 'RH'}}, {'id': 6584749, 'name': 'temperature c', 'parameter': {'id': 100, 'name': 'temperature', 'units': 'c', 'displayName': 'Temperature (C)'}}, {'id': 7972396, 'name': 'um003 particles/cm³', 'parameter': {'id': 125, 'name': 'um003', 'units': 'particles/cm³', 'displayName': 'PM0.3 count'}}]","{'latitude': 42.3993776, 'longitude': -71.1209365}","[{'id': 41, 'name': 'CC BY 4.0', 'attribution': {'name': 'Unknown Governmental Organization', 'url': None}, 'dateFrom': '2023-07-15', 'dateTo': None}]","[-71.1209365, 42.3993776, -71.1209365, 42.3993776]",,"{'utc': '2023-07-21T13:00:00Z', 'local': '2023-07-21T09:00:00-04:00'}","{'utc': '2026-04-05T23:00:00Z', 'local': '2026-04-05T19:00:00-04:00'}",Boston
1365107,Penn's Hill,,America/New_York,"{'id': 155, 'code': 'US', 'name': 'United States'}","{'id': 4, 'name': 'Unknown Governmental Organization'}","{'id': 1, 'name': 'N/A'}",False,True,"[{'id': 2, 'name': 'Government Monitor'}]","[{'id': 6655237, 'name': 'pm25 µg/m³', 'parameter': {'id': 2, 'name': 'pm25', 'units': 'µg/m³', 'displayName': 'PM2.5'}}, {'id': 6655238, 'name': 'temperature c', 'parameter': {'id': 100, 'name': 'temperature', 'units': 'c', 'displayName': 'Temperature (C)'}}]","{'latitude': 42.23590863598297, 'longitude': -70.99787770094417}",,"[-70.99787770094417, 42.23590863598297, -70.99787770094417, 42.23590863598297]",,"{'utc': '2023-07-31T19:00:00Z', 'local': '2023-07-31T15:00:00-04:00'}","{'utc': '2023-08-01T15:00:00Z', 'local': '2023-08-01T11:00:00-04:00'}",Boston
2876973,Somerville Library,,America/New_York,"{'id': 155, 'code': 'US', 'name': 'United States'}","{'id': 11509, 'name': 'Unknown Person'}","{'id': 66, 'name': 'AirGradient'}",False,False,"[{'id': 7, 'name': 'Unknown AirGradient Sensor'}]","[{'id': 9445877, 'name': 'pm1 µg/m³', 'parameter': {'id': 19, 'name': 'pm1', 'units': 'µg/m³', 'displayName': 'PM1'}}, {'id': 9445880, 'name': 'pm10 µg/m³', 'parameter': {'id': 1, 'name': 'pm10', 'units': 'µg/m³', 'displayName': 'PM10'}}, {'id': 9445885, 'name': 'pm25 µg/m³', 'parameter': {'id': 2, 'name': 'pm25', 'units': 'µg/m³', 'displayName': 'PM2.5'}}, {'id': 9445883, 'name': 'relativehumidity %', 'parameter': {'id': 98, 'name': 'relativehumidity', 'units': '%', 'displayName': 'RH'}}, {'id': 9445872, 'name': 'temperature c', 'parameter': {'id': 100, 'name': 'temperature', 'units': 'c', 'displayName': 'Temperature (C)'}}, {'id': 9445895, 'name': 'um003 particles/cm³', 'parameter': {'id': 125, 'name': 'um003', 'units': 'particles/cm³', 'displayName': 'PM0.3 count'}}]","{'latitude': 42.38643, 'longitude': -71.09431}","[{'id': 41, 'name': 'CC BY 4.0', 'attribution': {'name': 'Unknown Person', 'url': None}, 'dateFrom': '2023-07-15', 'dateTo': None}]","[-71.09431, 42.38643, -71.09431, 42.38643]",,"{'utc': '2024-06-03T14:00:00Z', 'local': '2024-06-03T10:00:00-04:00'}","{'utc': '2026-04-05T23:00:00Z', 'local': '2026-04-05T19:00:00-04:00'}",Boston
384,CCNY,New York-Northern New Jersey-Long Island,America/New_York,"{'id': 155, 'code': 'US', 'name': 'United States'}","{'id': 4, 'name': 'Unknown Governmental Organization'}","{'id': 119, 'name': 'AirNow'}",False,True,"[{'id': 2, 'name': 'Government Monitor'}]","[{'id': 671, 'name': 'o3 ppm', 'parameter': {'id': 10, 'name': 'o3', 'units': 'ppm', 'displayName': 'O₃'}}, {'id': 673, 'name': 'pm25 µg/m³', 'parameter': {'id': 2, 'name': 'pm25', 'units': 'µg/m³', 'displayName': 'PM2.5'}}]","{'latitude': 40.8197, 'longitude': -73.9481}","[{'id': 33, 'name': 'US Public Domain', 'attribution': {'name': 'Unknown Governmental Organization', 'url': None}, 'dateFrom': '2016-01-30', 'dateTo': None}]","[-73.9481, 40.8197, -73.9481, 40.8197]",,"{'utc': '2016-03-12T09:00:00Z', 'local': '2016-03-12T04:00:00-05:00'}","{'utc': '2026-04-05T22:00:00Z', 'local': '2026-04-05T18:00:00-04:00'}",NYC
625,Manhattan/IS143,New York-Northern New Jersey-Long Island,America/New_York,"{'id': 155, 'code': 'US', 'name': 'United States'}","{'id': 4, 'name': 'Unknown Governmental Organization'}","{'id': 119, 'name': 'AirNow'}",False,True,"[{'id': 2, 'name': 'Government Monitor'}]","[{'id': 1097, 'name': 'pm25 µg/m³', 'parameter': {'id': 2, 'name': 'pm25', 'units': 'µg/m³', 'displayName': 'PM2.5'}}]","{'latitude': 40.8492, 'longitude': -73.9319}","[{'id': 33, 'name': 'US Public Domain', 'attribution': {'name': 'Unknown Governmental Organization', 'url': None}, 'dateFrom': '2016-01-30', 'dateTo': None}]","[-73.9319, 40.8492, -73.9319, 40.8492]",,"{'utc': '2016-03-10T08:00:00Z', 'local': '2016-03-10T03:00:00-05:00'}","{'utc': '2026-04-05T22:00:00Z', 'local': '2026-04-05T18:00:00-04:00'}",NYC
626,Bronx - IS52,New York-Northern New Jersey-Long Island,America/New_York,"{'id': 155, 'code': 'US', 'name': 'United States'}","{'id': 4, 'name': 'Unknown Governmental Organization'}","{'id': 119, 'name': 'AirNow'}",False,True,"[{'id': 2, 'name': 'Government Monitor'}]","[{'id': 1098, 'name': 'o3 ppm', 'parameter': {'id': 10, 'name': 'o3', 'units': 'ppm', 'displayName': 'O₃'}}, {'id': 1099, 'name': 'pm10 µg/m³', 'parameter': {'id': 1, 'name': 'pm10', 'units': 'µg/m³', 'displayName': 'PM10'}}, {'id': 1102, 'name': 'pm25 µg/m³', 'parameter': {'id': 2, 'name': 'pm25', 'units': 'µg/m³', 'displayName': 'PM2.5'}}]","{'latitude': 40.816101, 'longitude': -73.902199}","[{'id': 33, 'name': 'US Public Domain', 'attribution': {'name': 'Unknown Governmental Organization', 'url': None}, 'dateFrom': '2016-01-30', 'dateTo': None}]","[-73.902199, 40.816101, -73.902199, 40.816101]",,"{'utc': '2016-03-10T08:00:00Z', 'local': '2016-03-10T03:00:00-05:00'}","{'utc': '2026-04-05T22:00:00Z', 'local': '2026-04-05T18:00:00-04:00'}",NYC
628,Maspeth,New York-Northern New Jersey-Long Island,America/New_York,"{'id': 155, 'code': 'US', 'name': 'United States'}","{'id': 4, 'name': 'Unknown Governmental Organization'}","{'id': 119, 'name': 'AirNow'}",False,True,"[{'id': 2, 'name': 'Government Monitor'}]","[{'id': 1103, 'name': 'pm25 µg/m³', 'parameter': {'id': 2, 'name': 'pm25', 'units': 'µg/m³', 'displayName': 'PM2.5'}}]","{'latitude': 40.7269, 'longitude': -73.8933}","[{'id': 33, 'name': 'US Public Domain', 'attribution': {'name': 'Unknown Governmental Organization', 'url': None}, 'dateFrom': '2016-01-30', 'dateTo': None}]","[-73.8933, 40.7269, -73.8933, 40.7269]",,"{'utc': '2016-03-10T08:00:00Z', 'local': '2016-03-10T03:00:00-05:00'}","{'utc': '2026-04-05T22:00:00Z', 'local': '2026-04-05T18:00:00-04:00'}",NYC
631,Queens,New York-Northern New Jersey-Long Island,America/New_York,"{'id': 155, 'code': 'US', 'name': 'United States'}","{'id': 4, 'name': 'Unknown Governmental Organization'}","{'id': 119, 'name': 'AirNow'}",False,True,"[{'id': 2, 'name': 'Government Monitor'}]","[{'id': 1106, 'name': 'o3 ppm', 'parameter': {'id': 10, 'name': 'o3', 'units': 'ppm', 'displayName': 'O₃'}}, {'id': 1152, 'name': 'pm25 µg/m³', 'parameter': {'id': 2, 'name': 'pm25', 'units': 'µg/m³', 'displayName': 'PM2.5'}}]","{'latitude': 40.7375, 'longitude': -73.8244}","[{'id': 33, 'name': 'US Public Domain', 'attribution': {'name': 'Unknown Governmental Organization', 'url': None}, 'dateFrom': '2016-01-30', 'dateTo': None}]","[-73.8244, 40.7375, -73.8244, 40.7375]",,"{'utc': '2016-03-10T08:00:00Z', 'local': '2016-03-10T03:00:00-05:00'}","{'utc': '2026-04-05T22:00:00Z', 'local': '2026-04-05T18:00:00-04:00'}",NYC
642,PS 19,,America/New_York,"{'id': 155, 'code': 'US', 'name': 'United States'}","{'id': 4, 'name': 'Unknown Governmental Organization'}","{'id': 119, 'name': 'AirNow'}",False,True,"[{'id': 2, 'name': 'Government Monitor'}]","[{'id': 1121, 'name': 'pm25 µg/m³', 'parameter': {'id': 2, 'name': 'pm25', 'units': 'µg/m³', 'displayName': 'PM2.5'}}]","{'latitude': 40.73, 'longitude': -73.984459}","[{'id': 33, 'name': 'US Public Domain', 'attribution': {'name': 'Unknown Governmental Organization', 'url': None}, 'dateFrom': '2016-01-30', 'dateTo': None}]","[-73.984459, 40.73, -73.984459, 40.73]",,"{'utc': '2016-03-10T08:00:00Z', 'local': '2016-03-10T03:00:00-05:00'}","{'utc': '2017-12-18T10:00:00Z', 'local': '2017-12-18T05:00:00-05:00'}",NYC
648,Bklyn - PS 314,KINGS,America/New_York,"{'id': 155, 'code': 'US', 'name': 'United States'}","{'id': 4, 'name': 'Unknown Governmental Organization'}","{'id': 119, 'name': 'AirNow'}",False,True,"[{'id': 2, 'name': 'Government Monitor'}]","[{'id': 1128, 'name': 'pm25 µg/m³', 'parameter': {'id': 2, 'name': 'pm25', 'units': 'µg/m³', 'displayName': 'PM2.5'}}]","{'latitude': 40.641819, 'longitude': -74.018707}","[{'id': 33, 'name': 'US Public Domain', 'attribution': {'name': 'Unknown Governmental Organization', 'url': None}, 'dateFrom': '2016-01-30', 'dateTo': None}]","[-74.018707, 40.641819, -74.018707, 40.641819]",,"{'utc': '2016-03-10T08:00:00Z', 'local': '2016-03-10T03:00:00-05:00'}","{'utc': '2026-04-05T22:00:00Z', 'local': '2026-04-05T18:00:00-04:00'}",NYC
662,Division Street,,America/New_York,"{'id': 155, 'code': 'US', 'name': 'United States'}","{'id': 4, 'name': 'Unknown Governmental Organization'}","{'id': 119, 'name': 'AirNow'}",False,True,"[{'id': 2, 'name': 'Government Monitor'}]","[{'id': 1143, 'name': 'pm25 µg/m³', 'parameter': {'id': 2, 'name': 'pm25', 'units': 'µg/m³', 'displayName': 'PM2.5'}}]","{'latitude': 40.7142, 'longitude': -73.995}","[{'id': 33, 'name': 'US Public Domain', 'attribution': {'name': 'Unknown Governmental Organization', 'url': None}, 'dateFrom': '2016-01-30', 'dateTo': None}]","[-73.995, 40.7142, -73.995, 40.7142]",,"{'utc': '2016-03-10T08:00:00Z', 'local': '2016-03-10T03:00:00-05:00'}","{'utc': '2020-02-19T16:00:00Z', 'local': '2020-02-19T11:00:00-05:00'}",NYC
664,Bklyn - PS274,New York-Northern New Jersey-Long Island,America/New_York,"{'id': 155, 'code': 'US', 'name': 'United States'}","{'id': 4, 'name': 'Unknown Governmental Organization'}","{'id': 119, 'name': 'AirNow'}",False,True,"[{'id': 2, 'name': 'Government Monitor'}]","[{'id': 1145, 'name': 'pm25 µg/m³', 'parameter': {'id': 2, 'name': 'pm25', 'units': 'µg/m³', 'displayName': 'PM2.5'}}]","{'latitude': 40.694401, 'longitude': -73.928596}","[{'id': 33, 'name': 'US Public Domain', 'attribution': {'name': 'Unknown Governmental Organization', 'url': None}, 'dateFrom': '2016-01-30', 'dateTo': None}]","[-73.928596, 40.694401, -73.928596, 40.694401]",,"{'utc': '2016-03-10T08:00:00Z', 'local': '2016-03-10T03:00:00-05:00'}","{'utc': '2026-04-05T22:00:00Z', 'local': '2026-04-05T18:00:00-04:00'}",NYC
665,Bronx - IS74,New York-Northern New Jersey-Long Island,America/New_York,"{'id': 155, 'code': 'US', 'name': 'United States'}","{'id': 4, 'name': 'Unknown Governmental Organization'}","{'id': 119, 'name': 'AirNow'}",False,True,"[{'id': 2, 'name': 'Government Monitor'}]","[{'id': 1146, 'name': 'pm25 µg/m³', 'parameter': {'id': 2, 'name': 'pm25', 'units': 'µg/m³', 'displayName': 'PM2.5'}}]","{'latitude': 40.814701, 'longitude': -73.886703}","[{'id': 33, 'name': 'US Public Domain', 'attribution': {'name': 'Unknown Governmental Organization', 'url': None}, 'dateFrom': '2016-01-30', 'dateTo': None}]","[-73.886703, 40.814701, -73.886703, 40.814701]",,"{'utc': '2016-03-10T08:00:00Z', 'local': '2016-03-10T03:00:00-05:00'}","{'utc': '2026-04-05T22:00:00Z', 'local': '2026-04-05T18:00:00-04:00'}",NYC
1884,NEW,PHILADELPHIA,America/New_York,"{'id': 155, 'code': 'US', 'name': 'United States'}","{'id': 4, 'name': 'Unknown Governmental Organization'}","{'id': 119, 'name': 'AirNow'}",False,True,"[{'id': 2, 'name': 'Government Monitor'}]","[{'id': 25280, 'name': 'co ppm', 'parameter': {'id': 8, 'name': 'co', 'units': 'ppm', 'displayName': 'CO'}}, {'id': 25281, 'name': 'no2 ppm', 'parameter': {'id': 7, 'name': 'no2', 'units': 'ppm', 'displayName': 'NO₂'}}, {'id': 3335, 'name': 'o3 ppm', 'parameter': {'id': 10, 'name': 'o3', 'units': 'ppm', 'displayName': 'O₃'}}, {'id': 25283, 'name': 'pm10 µg/m³', 'parameter': {'id': 1, 'name': 'pm10', 'units': 'µg/m³', 'displayName': 'PM10'}}, {'id': 3336, 'name': 'pm25 µg/m³', 'parameter': {'id': 2, 'name': 'pm25', 'units': 'µg/m³', 'displayName': 'PM2.5'}}, {'id': 25282, 'name': 'so2 ppm', 'parameter': {'id': 9, 'name': 'so2', 'units': 'ppm', 'displayName': 'SO₂'}}]","{'latitude': 39.991389, 'longitude': -75.080833}","[{'id': 33, 'name': 'US Public Domain', 'attribution': {'name': 'Unknown Governmental Organization', 'url': None}, 'dateFrom': '2016-01-30', 'dateTo': None}]","[-75.080833, 39.991389, -75.080833, 39.991389]",,"{'utc': '2016-03-15T05:00:00Z', 'local': '2016-03-15T01:00:00-04:00'}","{'utc': '2026-04-05T22:00:00Z', 'local': '2026-04-05T18:00:00-04:00'}",Philadelphia
5774,MON,PHILADELPHIA,America/New_York,"{'id': 155, 'code': 'US', 'name': 'United States'}","{'id': 4, 'name': 'Unknown Governmental Organization'}","{'id': 119, 'name': 'AirNow'}",False,True,"[{'id': 2, 'name': 'Government Monitor'}]","[{'id': 5077818, 'name': 'co ppm', 'parameter': {'id': 8, 'name': 'co', 'units': 'ppm', 'displayName': 'CO'}}, {'id': 5077828, 'name': 'no2 ppm', 'parameter': {'id': 7, 'name': 'no2', 'units': 'ppm', 'displayName': 'NO₂'}}, {'id': 13684927, 'name': 'pm25 µg/m³', 'parameter': {'id': 2, 'name': 'pm25', 'units': 'µg/m³', 'displayName': 'PM2.5'}}]","{'latitude': 39.988842, 'longitude': -75.207205}","[{'id': 33, 'name': 'US Public Domain', 'attribution': {'name': 'Unknown Governmental Organization', 'url': None}, 'dateFrom': '2016-01-30', 'dateTo': None}]","[-75.207205, 39.988842, -75.207205, 39.988842]",,"{'utc': '2022-10-04T18:00:00Z', 'local': '2022-10-04T14:00:00-04:00'}","{'utc': '2026-04-05T22:00:00Z', 'local': '2026-04-05T18:00:00-04:00'}",Philadelphia
7781,FAB,PHILADELPHIA,America/New_York,"{'id': 155, 'code': 'US', 'name': 'United States'}","{'id': 4, 'name': 'Unknown Governmental Organization'}","{'id': 119, 'name': 'AirNow'}",False,True,"[{'id': 2, 'name': 'Government Monitor'}]","[{'id': 22612, 'name': 'pm25 µg/m³', 'parameter': {'id': 2, 'name': 'pm25', 'units': 'µg/m³', 'displayName': 'PM2.5'}}]","{'latitude': 39.9603, 'longitude': -75.1424}","[{'id': 33, 'name': 'US Public Domain', 'attribution': {'name': 'Unknown Governmental Organization', 'url': None}, 'dateFrom': '2016-01-30', 'dateTo': None}]","[-75.1424, 39.9603, -75.1424, 39.9603]",,"{'utc': '2017-09-27T18:00:00Z', 'local': '2017-09-27T14:00:00-04:00'}","{'utc': '2026-04-05T22:00:00Z', 'local': '2026-04-05T18:00:00-04:00'}",Philadelphia
8656,LABP,Philadelphia-Camden-Wilmington,America/New_York,"{'id': 155, 'code': 'US', 'name': 'United States'}","{'id': 4, 'name': 'Unknown Governmental Organization'}","{'id': 119, 'name': 'AirNow'}",False,True,"[{'id': 2, 'name': 'Government Monitor'}]","[{'id': 25108, 'name': 'o3 ppm', 'parameter': {'id': 10, 'name': 'o3', 'units': 'ppm', 'displayName': 'O₃'}}, {'id': 13684926, 'name': 'pm25 µg/m³', 'parameter': {'id': 2, 'name': 'pm25', 'units': 'µg/m³', 'displayName': 'PM2.5'}}]","{'latitude': 40.00892, 'longitude': -75.09777}","[{'id': 33, 'name': 'US Public Domain', 'attribution': {'name': 'Unknown Governmental Organization', 'url': None}, 'dateFrom': '2016-01-30', 'dateTo': None}]","[-75.09777, 40.00892, -75.09777, 40.00892]",,"{'utc': '2020-03-17T18:00:00Z', 'local': '2020-03-17T14:00:00-04:00'}","{'utc': '2026-04-05T22:00:00Z', 'local': '2026-04-05T18:00:00-04:00'}",Philadelphia
8753,RIT,PHILADELPHIA,America/New_York,"{'id': 155, 'code': 'US', 'name': 'United States'}","{'id': 4, 'name': 'Unknown Governmental Organization'}","{'id': 119, 'name': 'AirNow'}",False,True,"[{'id': 2, 'name': 'Government Monitor'}]","[{'id': 25527, 'name': 'pm25 µg/m³', 'parameter': {'id': 2, 'name': 'pm25', 'units': 'µg/m³', 'displayName': 'PM2.5'}}, {'id': 25526, 'name': 'so2 ppm', 'parameter': {'id': 9, 'name': 'so2', 'units': 'ppm', 'displayName': 'SO₂'}}]","{'latitude': 39.922516, 'longitude': -75.186783}","[{'id': 33, 'name': 'US Public Domain', 'attribution': {'name': 'Unknown Governmental Organization', 'url': None}, 'dateFrom': '2016-01-30', 'dateTo': None}]","[-75.186783, 39.922516, -75.186783, 39.922516]",,"{'utc': '2017-09-29T15:00:00Z', 'local': '2017-09-29T11:00:00-04:00'}","{'utc': '2026-04-05T22:00:00Z', 'local': '2026-04-05T18:00:00-04:00'}",Philadelphia
8880,TOR,PHILADELPHIA,America/New_York,"{'id': 155, 'code': 'US', 'name': 'United States'}","{'id': 4, 'name': 'Unknown Governmental Organization'}","{'id': 119, 'name': 'AirNow'}",False,True,"[{'id': 2, 'name': 'Government Monitor'}]","[{'id': 5077619, 'name': 'co ppm', 'parameter': {'id': 8, 'name': 'co', 'units': 'ppm', 'displayName': 'CO'}}, {'id': 5077591, 'name': 'no2 ppm', 'parameter': {'id': 7, 'name': 'no2', 'units': 'ppm', 'displayName': 'NO₂'}}, {'id': 5077561, 'name': 'pm25 µg/m³', 'parameter': {'id': 2, 'name': 'pm25', 'units': 'µg/m³', 'displayName': 'PM2.5'}}]","{'latitude': 40.054171, 'longitude': -74.985166}","[{'id': 33, 'name': 'US Public Domain', 'attribution': {'name': 'Unknown Governmental Organization', 'url': None}, 'dateFrom': '2016-01-30', 'dateTo': None}]","[-74.985166, 40.054171, -74.985166, 40.054171]",,"{'utc': '2022-10-04T18:00:00Z', 'local': '2022-10-04T14:00:00-04:00'}","{'utc': '2026-04-05T22:00:00Z', 'local': '2026-04-05T18:00:00-04:00'}",Philadelphia
1404142,Pennsauken PM,Philadelphia-Camden-Wilmington,America/New_York,"{'id': 155, 'code': 'US', 'name': 'United States'}","{'id': 4, 'name': 'Unknown Governmental Organization'}","{'id': 119, 'name': 'AirNow'}",False,True,"[{'id': 2, 'name': 'Government Monitor'}]","[{'id': 6714230, 'name': 'pm25 µg/m³', 'parameter': {'id': 2, 'name': 'pm25', 'units': 'µg/m³', 'displayName': 'PM2.5'}}]","{'latitude': 39.989036, 'longitude': -75.050008}","[{'id': 33, 'name': 'US Public Domain', 'attribution': {'name': 'Unknown Governmental Organization', 'url': None}, 'dateFrom': '2016-01-30', 'dateTo': None}]","[-75.050008, 39.989036, -75.050008, 39.989036]",,"{'utc': '2023-08-08T16:00:00Z', 'local': '2023-08-08T12:00:00-04:00'}","{'utc': '2026-02-07T22:00:00Z', 'local': '2026-02-07T17:00:00-05:00'}",Philadelphia
2822074,Passyunk Square,,America/New_York,"{'id': 155, 'code': 'US', 'name': 'United States'}","{'id': 11509, 'name': 'Unknown Person'}","{'id': 66, 'name': 'AirGradient'}",False,False,"[{'id': 7, 'name': 'Unknown AirGradient Sensor'}]","[{'id': 9036058, 'name': 'pm1 µg/m³', 'parameter': {'id': 19, 'name': 'pm1', 'units': 'µg/m³', 'displayName': 'PM1'}}, {'id': 9036057, 'name': 'pm10 µg/m³', 'parameter': {'id': 1, 'name': 'pm10', 'units': 'µg/m³', 'displayName': 'PM10'}}, {'id': 9036061, 'name': 'pm25 µg/m³', 'parameter': {'id': 2, 'name': 'pm25', 'units': 'µg/m³', 'displayName': 'PM2.5'}}, {'id': 9036062, 'name': 'relativehumidity %', 'parameter': {'id': 98, 'name': 'relativehumidity', 'units': '%', 'displayName': 'RH'}}, {'id': 9036060, 'name': 'temperature c', 'parameter': {'id': 100, 'name': 'temperature', 'units': 'c', 'displayName': 'Temperature (C)'}}, {'id': 9036059, 'name': 'um003 particles/cm³', 'parameter': {'id': 125, 'name': 'um003', 'units': 'particles/cm³', 'displayName': 'PM0.3 count'}}]","{'latitude': 39.93332911778695, 'longitude': -75.16123545292952}","[{'id': 41, 'name': 'CC BY 4.0', 'attribution': {'name': 'Unknown Person', 'url': None}, 'dateFrom': '2023-07-15', 'dateTo': None}]","[-75.16123545292952, 39.93332911778695, -75.16123545292952, 39.93332911778695]",,"{'utc': '2024-04-30T17:00:00Z', 'local': '2024-04-30T13:00:00-04:00'}","{'utc': '2026-04-05T23:00:00Z', 'local': '2026-04-05T19:00:00-04:00'}",Philadelphia
2924888,South Philly,,America/New_York,"{'id': 155, 'code': 'US', 'name': 'United States'}","{'id': 11509, 'name': 'Unknown Person'}","{'id': 66, 'name': 'AirGradient'}",False,False,"[{'id': 7, 'name': 'Unknown AirGradient Sensor'}]","[{'id': 9785135, 'name': 'pm1 µg/m³', 'parameter': {'id': 19, 'name': 'pm1', 'units': 'µg/m³', 'displayName': 'PM1'}}, {'id': 9785137, 'name': 'pm10 µg/m³', 'parameter': {'id': 1, 'name': 'pm10', 'units': 'µg/m³', 'displayName': 'PM10'}}, {'id': 9785136, 'name': 'pm25 µg/m³', 'parameter': {'id': 2, 'name': 'pm25', 'units': 'µg/m³', 'displayName': 'PM2.5'}}, {'id': 9785141, 'name': 'relativehumidity %', 'parameter': {'id': 98, 'name': 'relativehumidity', 'units': '%', 'displayName': 'RH'}}, {'id': 9785131, 'name': 'temperature c', 'parameter': {'id': 100, 'name': 'temperature', 'units': 'c', 'displayName': 'Temperature (C)'}}, {'id': 9785122, 'name': 'um003 particles/cm³', 'parameter': {'id': 125, 'name': 'um003', 'units': 'particles/cm³', 'displayName': 'PM0.3 count'}}]","{'latitude': 39.9374, 'longitude': -75.163134}","[{'id': 41, 'name': 'CC BY 4.0', 'attribution': {'name': 'Unknown Person', 'url': None}, 'dateFrom': '2023-07-15', 'dateTo': None}]","[-75.163134, 39.9374, -75.163134, 39.9374]",,"{'utc': '2024-06-30T18:00:00Z', 'local': '2024-06-30T14:00:00-04:00'}","{'utc': '2024-07-10T10:00:00Z', 'local': '2024-07-10T06:00:00-04:00'}",Philadelphia
3009505,Philadelphia,,America/New_York,"{'id': 155, 'code': 'US', 'name': 'United States'}","{'id': 11509, 'name': 'Unknown Person'}","{'id': 66, 'name': 'AirGradient'}",False,False,"[{'id': 7, 'name': 'Unknown AirGradient Sensor'}]","[{'id': 10209814, 'name': 'pm1 µg/m³', 'parameter': {'id': 19, 'name': 'pm1', 'units': 'µg/m³', 'displayName': 'PM1'}}, {'id': 10209777, 'name': 'pm10 µg/m³', 'parameter': {'id': 1, 'name': 'pm10', 'units': 'µg/m³', 'displayName': 'PM10'}}, {'id': 10209807, 'name': 'pm25 µg/m³', 'parameter': {'id': 2, 'name': 'pm25', 'units': 'µg/m³', 'displayName': 'PM2.5'}}, {'id': 10209774, 'name': 'relativehumidity %', 'parameter': {'id': 98, 'name': 'relativehumidity', 'units': '%', 'displayName': 'RH'}}, {'id': 10209780, 'name': 'temperature c', 'parameter': {'id': 100, 'name': 'temperature', 'units': 'c', 'displayName': 'Temperature (C)'}}, {'id': 10209798, 'name': 'um003 particles/cm³', 'parameter': {'id': 125, 'name': 'um003', 'units': 'particles/cm³', 'displayName': 'PM0.3 count'}}]","{'latitude': 39.95862394063666, 'longitude': -75.17442976202639}","[{'id': 41, 'name': 'CC BY 4.0', 'attribution': {'name': 'Unknown Person', 'url': None}, 'dateFrom': '2023-07-15', 'dateTo': None}]","[-75.17442976202639, 39.95862394063666, -75.17442976202639, 39.95862394063666]",,"{'utc': '2024-08-09T01:00:00Z', 'local': '2024-08-08T21:00:00-04:00'}","{'utc': '2026-01-09T15:00:00Z', 'local': '2026-01-09T10:00:00-05:00'}",Philadelphia
691,DCNearRoad,Washington-Arlington-Alexandria,America/New_York,"{'id': 155, 'code': 'US', 'name': 'United States'}","{'id': 4, 'name': 'Unknown Governmental Organization'}","{'id': 119, 'name': 'AirNow'}",False,True,"[{'id': 2, 'name': 'Government Monitor'}]","[{'id': 25516, 'name': 'co ppm', 'parameter': {'id': 8, 'name': 'co', 'units': 'ppm', 'displayName': 'CO'}}, {'id': 12915154, 'name': 'no ppm', 'parameter': {'id': 35, 'name': 'no', 'units': 'ppm', 'displayName': 'NO'}}, {'id': 25515, 'name': 'no2 ppm', 'parameter': {'id': 7, 'name': 'no2', 'units': 'ppm', 'displayName': 'NO₂'}}, {'id': 12915157, 'name': 'nox ppm', 'parameter': {'id': 19840, 'name': 'nox', 'units': 'ppm', 'displayName': 'NOx'}}, {'id': 1188, 'name': 'pm25 µg/m³', 'parameter': {'id': 2, 'name': 'pm25', 'units': 'µg/m³', 'displayName': 'PM2.5'}}]","{'latitude': 38.894749, 'longitude': -76.953427}","[{'id': 33, 'name': 'US Public Domain', 'attribution': {'name': 'Unknown Governmental Organization', 'url': None}, 'dateFrom': '2016-01-30', 'dateTo': None}]","[-76.953427, 38.894749, -76.953427, 38.894749]",,"{'utc': '2016-03-13T07:00:00Z', 'local': '2016-03-13T03:00:00-04:00'}","{'utc': '2026-04-05T22:00:00Z', 'local': '2026-04-05T18:00:00-04:00'}",DC
739,McMillan Reservoir,Washington-Arlington-Alexandria,America/New_York,"{'id': 155, 'code': 'US', 'name': 'United States'}","{'id': 4, 'name': 'Unknown Governmental Organization'}","{'id': 119, 'name': 'AirNow'}",False,True,"[{'id': 2, 'name': 'Government Monitor'}]","[{'id': 25246, 'name': 'bc µg/m³', 'parameter': {'id': 11, 'name': 'bc', 'units': 'µg/m³', 'displayName': 'BC'}}, {'id': 1344570, 'name': 'co ppm', 'parameter': {'id': 8, 'name': 'co', 'units': 'ppm', 'displayName': 'CO'}}, {'id': 12863869, 'name': 'no ppm', 'parameter': {'id': 35, 'name': 'no', 'units': 'ppm', 'displayName': 'NO'}}, {'id': 1276, 'name': 'no2 ppm', 'parameter': {'id': 7, 'name': 'no2', 'units': 'ppm', 'displayName': 'NO₂'}}, {'id': 12863868, 'name': 'nox ppm', 'parameter': {'id': 19840, 'name': 'nox', 'units': 'ppm', 'displayName': 'NOx'}}, {'id': 3119, 'name': 'o3 ppm', 'parameter': {'id': 10, 'name': 'o3', 'units': 'ppm', 'displayName': 'O₃'}}, {'id': 3121, 'name': 'pm10 µg/m³', 'parameter': {'id': 1, 'name': 'pm10', 'units': 'µg/m³', 'displayName': 'PM10'}}, {'id': 3123, 'name': 'pm25 µg/m³', 'parameter': {'id': 2, 'name': 'pm25', 'units': 'µg/m³', 'displayName': 'PM2.5'}}, {'id': 3120, 'name': 'so2 ppm', 'parameter': {'id': 9, 'name': 'so2', 'units': 'ppm', 'displayName': 'SO₂'}}]","{'latitude': 38.921848, 'longitude': -77.013176}","[{'id': 33, 'name': 'US Public Domain', 'attribution': {'name': 'Unknown Governmental Organization', 'url': None}, 'dateFrom': '2016-01-30', 'dateTo': None}]","[-77.013176, 38.921848, -77.013176, 38.921848]",,"{'utc': '2016-04-26T16:00:00Z', 'local': '2016-04-26T12:00:00-04:00'}","{'utc': '2026-04-05T22:00:00Z', 'local': '2026-04-05T18:00:00-04:00'}",DC
3371,RIVER_Terrace,Washington-Arlington-Alexandria,America/New_York,"{'id': 155, 'code': 'US', 'name': 'United States'}","{'id': 4, 'name': 'Unknown Governmental Organization'}","{'id': 119, 'name': 'AirNow'}",False,True,"[{'id': 2, 'name': 'Government Monitor'}]","[{'id': 7396, 'name': 'co ppm', 'parameter': {'id': 8, 'name': 'co', 'units': 'ppm', 'displayName': 'CO'}}, {'id': 25530, 'name': 'no2 ppm', 'parameter': {'id': 7, 'name': 'no2', 'units': 'ppm', 'displayName': 'NO₂'}}, {'id': 25531, 'name': 'o3 ppm', 'parameter': {'id': 10, 'name': 'o3', 'units': 'ppm', 'displayName': 'O₃'}}, {'id': 25532, 'name': 'pm25 µg/m³', 'parameter': {'id': 2, 'name': 'pm25', 'units': 'µg/m³', 'displayName': 'PM2.5'}}, {'id': 21063, 'name': 'so2 ppm', 'parameter': {'id': 9, 'name': 'so2', 'units': 'ppm', 'displayName': 'SO₂'}}]","{'latitude': 38.895683, 'longitude': -76.958089}","[{'id': 33, 'name': 'US Public Domain', 'attribution': {'name': 'Unknown Governmental Organization', 'url': None}, 'dateFrom': '2016-01-30', 'dateTo': None}]","[-76.958089, 38.895683, -76.958089, 38.895683]",,"{'utc': '2016-07-25T15:00:00Z', 'local': '2016-07-25T11:00:00-04:00'}","{'utc': '2026-04-05T22:00:00Z', 'local': '2026-04-05T18:00:00-04:00'}",DC
6907,King Greenleaf Rec C,Washington-Arlington-Alexandria,America/New_York,"{'id': 155, 'code': 'US', 'name': 'United States'}","{'id': 4, 'name': 'Unknown Governmental Organization'}","{'id': 119, 'name': 'AirNow'}",False,True,"[{'id': 2, 'name': 'Government Monitor'}]","[{'id': 19848, 'name': 'pm25 µg/m³', 'parameter': {'id': 2, 'name': 'pm25', 'units': 'µg/m³', 'displayName': 'PM2.5'}}]","{'latitude': 38.875161, 'longitude': -77.012816}","[{'id': 33, 'name': 'US Public Domain', 'attribution': {'name': 'Unknown Governmental Organization', 'url': None}, 'dateFrom': '2016-01-30', 'dateTo': None}]","[-77.012816, 38.875161, -77.012816, 38.875161]",,"{'utc': '2019-04-09T19:00:00Z', 'local': '2019-04-09T15:00:00-04:00'}","{'utc': '2026-04-05T22:00:00Z', 'local': '2026-04-05T18:00:00-04:00'}",DC
2675903,Bald Eagle,WASHINGTON,America/New_York,"{'id': 155, 'code': 'US', 'name': 'United States'}","{'id': 4, 'name': 'Unknown Governmental Organization'}","{'id': 119, 'name': 'AirNow'}",False,True,"[{'id': 2, 'name': 'Government Monitor'}]","[{'id': 13686228, 'name': 'o3 ppm', 'parameter': {'id': 10, 'name': 'o3', 'units': 'ppm', 'displayName': 'O₃'}}, {'id': 8657751, 'name': 'pm25 µg/m³', 'parameter': {'id': 2, 'name': 'pm25', 'units': 'µg/m³', 'displayName': 'PM2.5'}}]","{'latitude': 38.81853, 'longitude': -77.01039}","[{'id': 33, 'name': 'US Public Domain', 'attribution': {'name': 'Unknown Governmental Organization', 'url': None}, 'dateFrom': '2016-01-30', 'dateTo': None}]","[-77.01039, 38.81853, -77.01039, 38.81853]",,"{'utc': '2024-03-29T14:00:00Z', 'local': '2024-03-29T10:00:00-04:00'}","{'utc': '2026-03-13T22:00:00Z', 'local': '2026-03-13T18:00:00-04:00'}",DC
2675904,Bald Eagle,WASHINGTON,America/New_York,"{'id': 155, 'code': 'US', 'name': 'United States'}","{'id': 4, 'name': 'Unknown Governmental Organization'}","{'id': 119, 'name': 'AirNow'}",False,True,"[{'id': 2, 'name': 'Government Monitor'}]","[{'id': 15675776, 'name': 'o3 ppm', 'parameter': {'id': 10, 'name': 'o3', 'units': 'ppm', 'displayName': 'O₃'}}, {'id': 8661554, 'name': 'pm25 µg/m³', 'parameter': {'id': 2, 'name': 'pm25', 'units': 'µg/m³', 'displayName': 'PM2.5'}}]","{'latitude': 38.81853, 'longitude': -77.01039}","[{'id': 33, 'name': 'US Public Domain', 'attribution': {'name': 'Unknown Governmental Organization', 'url': None}, 'dateFrom': '2016-01-30', 'dateTo': None}]","[-77.01039, 38.81853, -77.01039, 38.81853]",,"{'utc': '2024-03-28T23:00:00Z', 'local': '2024-03-28T19:00:00-04:00'}","{'utc': '2026-04-05T22:00:00Z', 'local': '2026-04-05T18:00:00-04:00'}",DC
4527350,Trinidad,,America/New_York,"{'id': 155, 'code': 'US', 'name': 'United States'}","{'id': 16816, 'name': 'Paul H.'}","{'id': 66, 'name': 'AirGradient'}",False,False,"[{'id': 24, 'name': 'AirGradient Open Air Generation 1 (O-1PST)'}]","[{'id': 13155781, 'name': 'pm1 µg/m³', 'parameter': {'id': 19, 'name': 'pm1', 'units': 'µg/m³', 'displayName': 'PM1'}}, {'id': 13155782, 'name': 'pm25 µg/m³', 'parameter': {'id': 2, 'name': 'pm25', 'units': 'µg/m³', 'displayName': 'PM2.5'}}, {'id': 13155783, 'name': 'relativehumidity %', 'parameter': {'id': 98, 'name': 'relativehumidity', 'units': '%', 'displayName': 'RH'}}, {'id': 13155784, 'name': 'temperature c', 'parameter': {'id': 100, 'name': 'temperature', 'units': 'c', 'displayName': 'Temperature (C)'}}, {'id': 13155785, 'name': 'um003 particles/cm³', 'parameter': {'id': 125, 'name': 'um003', 'units': 'particles/cm³', 'displayName': 'PM0.3 count'}}]","{'latitude': 38.90378, 'longitude': -76.9879}","[{'id': 41, 'name': 'CC BY 4.0', 'attribution': {'name': 'Paul H.', 'url': None}, 'dateFrom': '2023-07-15', 'dateTo': None}]","[-76.9879, 38.90378, -76.9879, 38.90378]",,"{'utc': '2025-05-26T10:00:00Z', 'local': '2025-05-26T06:00:00-04:00'}","{'utc': '2026-04-05T23:00:00Z', 'local': '2026-04-05T19:00:00-04:00'}",DC
6243425,V St NW,,America/New_York,"{'id': 155, 'code': 'US', 'name': 'United States'}","{'id': 12, 'name': 'AirGradient'}","{'id': 66, 'name': 'AirGradient'}",False,False,"[{'id': 7, 'name': 'Unknown AirGradient Sensor'}]","[{'id': 15471003, 'name': 'pm1 µg/m³', 'parameter': {'id': 19, 'name': 'pm1', 'units': 'µg/m³', 'displayName': 'PM1'}}, {'id': 15471004, 'name': 'pm25 µg/m³', 'parameter': {'id': 2, 'name': 'pm25', 'units': 'µg/m³', 'displayName': 'PM2.5'}}, {'id': 15471005, 'name': 'relativehumidity %', 'parameter': {'id': 98, 'name': 'relativehumidity', 'units': '%', 'displayName': 'RH'}}, {'id': 15471006, 'name': 'temperature c', 'parameter': {'id': 100, 'name': 'temperature', 'units': 'c', 'displayName': 'Temperature (C)'}}, {'id': 15471007, 'name': 'um003 particles/cm³', 'parameter': {'id': 125, 'name': 'um003', 'units': 'particles/cm³', 'displayName': 'PM0.3 count'}}]","{'latitude': 38.91858504465033, 'longitude': -77.01055445500386}","[{'id': 41, 'name': 'CC BY 4.0', 'attribution': {'name': 'AirGradient', 'url': None}, 'dateFrom': '2023-07-15', 'dateTo': None}]","[-77.01055445500386, 38.91858504465033, -77.01055445500386, 38.91858504465033]",,"{'utc': '2026-02-17T16:00:00Z', 'local': '2026-02-17T11:00:00-05:00'}","{'utc': '2026-02-17T16:00:00Z', 'local': '2026-02-17T11:00:00-05:00'}",DC
6252683,Takoma Park,,America/New_York,"{'id': 155, 'code': 'US', 'name': 'United States'}","{'id': 12, 'name': 'AirGradient'}","{'id': 66, 'name': 'AirGradient'}",False,False,"[{'id': 7, 'name': 'Unknown AirGradient Sensor'}]","[{'id': 15539929, 'name': 'pm1 µg/m³', 'parameter': {'id': 19, 'name': 'pm1', 'units': 'µg/m³', 'displayName': 'PM1'}}, {'id': 15539930, 'name': 'pm25 µg/m³', 'parameter': {'id': 2, 'name': 'pm25', 'units': 'µg/m³', 'displayName': 'PM2.5'}}, {'id': 15539931, 'name': 'relativehumidity %', 'parameter': {'id': 98, 'name': 'relativehumidity', 'units': '%', 'displayName': 'RH'}}, {'id': 15539932, 'name': 'temperature c', 'parameter': {'id': 100, 'name': 'temperature', 'units': 'c', 'displayName': 'Temperature (C)'}}, {'id': 15539933, 'name': 'um003 particles/cm³', 'parameter': {'id': 125, 'name': 'um003', 'units': 'particles/cm³', 'displayName': 'PM0.3 count'}}]","{'latitude': 38.97484581689407, 'longitude': -77.01016395581875}","[{'id': 41, 'name': 'CC BY 4.0', 'attribution': {'name': 'AirGradient', 'url': None}, 'dateFrom': '2023-07-15', 'dateTo': None}]","[-77.01016395581875, 38.97484581689407, -77.01016395581875, 38.97484581689407]",,"{'utc': '2026-02-25T21:00:00Z', 'local': '2026-02-25T16:00:00-05:00'}","{'utc': '2026-04-05T23:00:00Z', 'local': '2026-04-05T19:00:00-04:00'}",DC
