date,datatype,station,attributes,value,city
2023-01-01T00:00:00,ADPT,GHCND:USW00014739,",,W,",44.0,Boston
2023-01-01T00:00:00,ASLP,GHCND:USW00014739,",,W,",10088.0,Boston
2023-01-01T00:00:00,ASTP,GHCND:USW00014739,",,W,",10064.0,Boston
2023-01-01T00:00:00,AWBT,GHCND:USW00014739,",,W,",78.0,Boston
2023-01-01T00:00:00,AWND,GHCND:USW00014739,",,W,",13.4,Boston
2023-01-01T00:00:00,PRCP,GHCND:USW00014739,",,W,2400",0.04,Boston
2023-01-01T00:00:00,RHAV,GHCND:USW00014739,",,W,",70.0,Boston
2023-01-01T00:00:00,RHMN,GHCND:USW00014739,",,W,",54.0,Boston
2023-01-01T00:00:00,RHMX,GHCND:USW00014739,",,W,",97.0,Boston
2023-01-01T00:00:00,SNOW,GHCND:USW00014739,",,W,",0.0,Boston
2023-01-01T00:00:00,TMAX,GHCND:USW00014739,",,W,2400",55.0,Boston
2023-01-01T00:00:00,TMIN,GHCND:USW00014739,",,W,2400",43.0,Boston
2023-01-01T00:00:00,WDF2,GHCND:USW00014739,",,W,",260.0,Boston
2023-01-01T00:00:00,WDF5,GHCND:USW00014739,",,W,",290.0,Boston
2023-01-01T00:00:00,WSF2,GHCND:USW00014739,",,W,",23.0,Boston
2023-01-01T00:00:00,WSF5,GHCND:USW00014739,",,W,",29.1,Boston
2023-01-01T00:00:00,WT01,GHCND:USW00014739,",,W,",1.0,Boston
2023-01-02T00:00:00,ADPT,GHCND:USW00014739,",,W,",6.0,Boston
2023-01-02T00:00:00,ASLP,GHCND:USW00014739,",,W,",10186.0,Boston
2023-01-02T00:00:00,ASTP,GHCND:USW00014739,",,W,",10169.0,Boston
2023-01-02T00:00:00,AWBT,GHCND:USW00014739,",,W,",39.0,Boston
2023-01-02T00:00:00,AWND,GHCND:USW00014739,",,W,",7.6,Boston
2023-01-02T00:00:00,PRCP,GHCND:USW00014739,",,W,2400",0.0,Boston
2023-01-02T00:00:00,RHAV,GHCND:USW00014739,",,W,",68.0,Boston
2023-01-02T00:00:00,RHMN,GHCND:USW00014739,",,W,",52.0,Boston
2023-01-02T00:00:00,RHMX,GHCND:USW00014739,",,W,",86.0,Boston
2023-01-02T00:00:00,SNOW,GHCND:USW00014739,",,W,",0.0,Boston
2023-01-02T00:00:00,TMAX,GHCND:USW00014739,",,W,2400",52.0,Boston
2023-01-02T00:00:00,TMIN,GHCND:USW00014739,",,W,2400",36.0,Boston
2023-01-02T00:00:00,WDF2,GHCND:USW00014739,",,W,",260.0,Boston
2023-01-02T00:00:00,WDF5,GHCND:USW00014739,",,W,",290.0,Boston
2023-01-02T00:00:00,WSF2,GHCND:USW00014739,",,W,",18.1,Boston
2023-01-02T00:00:00,WSF5,GHCND:USW00014739,",,W,",23.0,Boston
2023-01-03T00:00:00,ADPT,GHCND:USW00014739,",,W,",39.0,Boston
2023-01-03T00:00:00,ASLP,GHCND:USW00014739,",,W,",10156.0,Boston
2023-01-03T00:00:00,ASTP,GHCND:USW00014739,",,W,",10156.0,Boston
2023-01-03T00:00:00,AWBT,GHCND:USW00014739,",,W,",44.0,Boston
2023-01-03T00:00:00,AWND,GHCND:USW00014739,",,W,",4.7,Boston
2023-01-03T00:00:00,PRCP,GHCND:USW00014739,",,W,2400",0.48,Boston
2023-01-03T00:00:00,RHAV,GHCND:USW00014739,",,W,",94.0,Boston
2023-01-03T00:00:00,RHMN,GHCND:USW00014739,",,W,",82.0,Boston
2023-01-03T00:00:00,RHMX,GHCND:USW00014739,",,W,",100.0,Boston
2023-01-03T00:00:00,SNOW,GHCND:USW00014739,",,W,",0.0,Boston
2023-01-03T00:00:00,TMAX,GHCND:USW00014739,",,W,2400",45.0,Boston
2023-01-03T00:00:00,TMIN,GHCND:USW00014739,",,W,2400",34.0,Boston
2023-01-03T00:00:00,WDF2,GHCND:USW00014739,",,W,",300.0,Boston
2023-01-03T00:00:00,WDF5,GHCND:USW00014739,",,W,",300.0,Boston
2023-01-03T00:00:00,WSF2,GHCND:USW00014739,",,W,",12.1,Boston
2023-01-03T00:00:00,WSF5,GHCND:USW00014739,",,W,",14.1,Boston
2023-01-03T00:00:00,WT01,GHCND:USW00014739,",,W,",1.0,Boston
2023-01-03T00:00:00,WT08,GHCND:USW00014739,",,W,",1.0,Boston
2023-01-04T00:00:00,ADPT,GHCND:USW00014739,",,W,",50.0,Boston
2023-01-04T00:00:00,ASLP,GHCND:USW00014739,",,W,",10122.0,Boston
2023-01-04T00:00:00,ASTP,GHCND:USW00014739,",,W,",10105.0,Boston
2023-01-04T00:00:00,AWBT,GHCND:USW00014739,",,W,",56.0,Boston
2023-01-04T00:00:00,AWND,GHCND:USW00014739,",,W,",5.4,Boston
2023-01-04T00:00:00,PRCP,GHCND:USW00014739,",,W,2400",0.32,Boston
2023-01-04T00:00:00,RHAV,GHCND:USW00014739,",,W,",95.0,Boston
2023-01-04T00:00:00,RHMN,GHCND:USW00014739,",,W,",89.0,Boston
2023-01-04T00:00:00,RHMX,GHCND:USW00014739,",,W,",100.0,Boston
2023-01-04T00:00:00,SNOW,GHCND:USW00014739,",,W,",0.0,Boston
2023-01-04T00:00:00,TMAX,GHCND:USW00014739,",,W,2400",45.0,Boston
2023-01-04T00:00:00,TMIN,GHCND:USW00014739,",,W,2400",40.0,Boston
2023-01-04T00:00:00,WDF2,GHCND:USW00014739,",,W,",60.0,Boston
2023-01-04T00:00:00,WDF5,GHCND:USW00014739,",,W,",40.0,Boston
2023-01-04T00:00:00,WSF2,GHCND:USW00014739,",,W,",13.0,Boston
2023-01-04T00:00:00,WSF5,GHCND:USW00014739,",,W,",16.1,Boston
2023-01-04T00:00:00,WT01,GHCND:USW00014739,",,W,",1.0,Boston
2023-01-05T00:00:00,ADPT,GHCND:USW00014739,",,W,",39.0,Boston
2023-01-05T00:00:00,ASLP,GHCND:USW00014739,",,W,",10159.0,Boston
2023-01-05T00:00:00,ASTP,GHCND:USW00014739,",,W,",10142.0,Boston
2023-01-05T00:00:00,AWBT,GHCND:USW00014739,",,W,",44.0,Boston
2023-01-05T00:00:00,AWND,GHCND:USW00014739,",,W,",15.0,Boston
2023-01-05T00:00:00,PRCP,GHCND:USW00014739,",,W,2400",0.09,Boston
2023-01-05T00:00:00,RHAV,GHCND:USW00014739,",,W,",96.0,Boston
2023-01-05T00:00:00,RHMN,GHCND:USW00014739,",,W,",93.0,Boston
2023-01-05T00:00:00,RHMX,GHCND:USW00014739,",,W,",100.0,Boston
2023-01-05T00:00:00,SNOW,GHCND:USW00014739,",,W,",0.0,Boston
2023-01-05T00:00:00,TMAX,GHCND:USW00014739,",,W,2400",45.0,Boston
2023-01-05T00:00:00,TMIN,GHCND:USW00014739,",,W,2400",35.0,Boston
2023-01-05T00:00:00,WDF2,GHCND:USW00014739,",,W,",40.0,Boston
2023-01-05T00:00:00,WDF5,GHCND:USW00014739,",,W,",30.0,Boston
2023-01-05T00:00:00,WSF2,GHCND:USW00014739,",,W,",21.9,Boston
2023-01-05T00:00:00,WSF5,GHCND:USW00014739,",,W,",28.0,Boston
2023-01-05T00:00:00,WT01,GHCND:USW00014739,",,W,",1.0,Boston
2023-01-06T00:00:00,ADPT,GHCND:USW00014739,",,W,",6.0,Boston
2023-01-06T00:00:00,ASLP,GHCND:USW00014739,",,W,",10163.0,Boston
2023-01-06T00:00:00,ASTP,GHCND:USW00014739,",,W,",10149.0,Boston
2023-01-06T00:00:00,AWBT,GHCND:USW00014739,",,W,",11.0,Boston
2023-01-06T00:00:00,AWND,GHCND:USW00014739,",,W,",8.1,Boston
2023-01-06T00:00:00,PRCP,GHCND:USW00014739,",,W,2400",0.19,Boston
2023-01-06T00:00:00,RHAV,GHCND:USW00014739,",,W,",96.0,Boston
2023-01-06T00:00:00,RHMN,GHCND:USW00014739,",,W,",89.0,Boston
2023-01-06T00:00:00,RHMX,GHCND:USW00014739,",,W,",100.0,Boston
2023-01-06T00:00:00,SNOW,GHCND:USW00014739,",,W,",0.2,Boston
2023-01-06T00:00:00,TMAX,GHCND:USW00014739,",,W,2400",36.0,Boston
2023-01-06T00:00:00,TMIN,GHCND:USW00014739,",,W,2400",33.0,Boston
2023-01-06T00:00:00,WDF2,GHCND:USW00014739,",,W,",10.0,Boston
2023-01-06T00:00:00,WDF5,GHCND:USW00014739,",,W,",360.0,Boston
2023-01-06T00:00:00,WSF2,GHCND:USW00014739,",,W,",13.0,Boston
