year,stateabbr,statedesc,countyname,countyfips,locationname,datasource,category,measure,data_value_unit,data_value_type,data_value,low_confidence_limit,high_confidence_limit,totalpopulation,totalpop18plus,geolocation,locationid,categoryid,measureid,datavaluetypeid,short_question_text
2023,MA,Massachusetts,Suffolk,25025,25025000505,BRFSS,Health Outcomes,Stroke among adults,%,Crude prevalence,2.2,1.9,2.5,2196,2079,"{'type': 'Point', 'coordinates': [-71.1411123, 42.3431835]}",25025000505,HLTHOUT,STROKE,CrdPrv,Stroke
2023,MA,Massachusetts,Suffolk,25025,25025000703,BRFSS,Health Outcomes,Obesity among adults,%,Crude prevalence,17.5,14.8,20.6,2442,2360,"{'type': 'Point', 'coordinates': [-71.1282176, 42.3513284]}",25025000703,HLTHOUT,OBESITY,CrdPrv,Obesity
2023,MA,Massachusetts,Suffolk,25025,25025010404,BRFSS,Health Outcomes,Obesity among adults,%,Crude prevalence,19.3,16.0,23.0,5747,5609,"{'type': 'Point', 'coordinates': [-71.0886377, 42.3419678]}",25025010404,HLTHOUT,OBESITY,CrdPrv,Obesity
2023,MA,Massachusetts,Suffolk,25025,25025020301,BRFSS,Health Outcomes,Arthritis among adults,%,Crude prevalence,17.4,15.7,19.3,2166,2023,"{'type': 'Point', 'coordinates': [-71.0686464, 42.3631736]}",25025020301,HLTHOUT,ARTHRITIS,CrdPrv,Arthritis
2023,MA,Massachusetts,Suffolk,25025,25025040100,BRFSS,Health Outcomes,Stroke among adults,%,Crude prevalence,1.9,1.7,2.2,2360,2023,"{'type': 'Point', 'coordinates': [-71.0597515, 42.3730476]}",25025040100,HLTHOUT,STROKE,CrdPrv,Stroke
2023,MA,Massachusetts,Suffolk,25025,25025060200,BRFSS,Health Outcomes,Obesity among adults,%,Crude prevalence,18.3,15.4,21.8,2328,2123,"{'type': 'Point', 'coordinates': [-71.0326799, 42.3325583]}",25025060200,HLTHOUT,OBESITY,CrdPrv,Obesity
2023,MA,Massachusetts,Suffolk,25025,25025060602,BRFSS,Health Outcomes,Arthritis among adults,%,Crude prevalence,11.8,10.5,13.2,331,312,"{'type': 'Point', 'coordinates': [-71.0461108, 42.3441304]}",25025060602,HLTHOUT,ARTHRITIS,CrdPrv,Arthritis
2023,MA,Massachusetts,Suffolk,25025,25025070102,BRFSS,Health Outcomes,Stroke among adults,%,Crude prevalence,3.1,2.7,3.4,3687,3537,"{'type': 'Point', 'coordinates': [-71.0617639, 42.3556883]}",25025070102,HLTHOUT,STROKE,CrdPrv,Stroke
2023,MA,Massachusetts,Suffolk,25025,25025070301,BRFSS,Health Outcomes,Obesity among adults,%,Crude prevalence,19.9,16.9,23.5,2213,1999,"{'type': 'Point', 'coordinates': [-71.0716357, 42.346324]}",25025070301,HLTHOUT,OBESITY,CrdPrv,Obesity
2023,MA,Massachusetts,Suffolk,25025,25025080801,BRFSS,Health Outcomes,Arthritis among adults,%,Crude prevalence,14.7,13.4,16.3,4282,3611,"{'type': 'Point', 'coordinates': [-71.0962114, 42.3346063]}",25025080801,HLTHOUT,ARTHRITIS,CrdPrv,Arthritis
2023,MA,Massachusetts,Suffolk,25025,25025090400,BRFSS,Health Outcomes,Obesity among adults,%,Crude prevalence,30.0,26.1,34.5,4101,3003,"{'type': 'Point', 'coordinates': [-71.0747098, 42.3171635]}",25025090400,HLTHOUT,OBESITY,CrdPrv,Obesity
2023,MA,Massachusetts,Suffolk,25025,25025091800,BRFSS,Health Outcomes,Arthritis among adults,%,Crude prevalence,26.1,23.9,28.4,3718,2784,"{'type': 'Point', 'coordinates': [-71.0705167, 42.3073664]}",25025091800,HLTHOUT,ARTHRITIS,CrdPrv,Arthritis
2023,MA,Massachusetts,Suffolk,25025,25025100603,BRFSS,Health Outcomes,Obesity among adults,%,Crude prevalence,21.0,17.9,24.6,2172,1808,"{'type': 'Point', 'coordinates': [-71.0421575, 42.2914125]}",25025100603,HLTHOUT,OBESITY,CrdPrv,Obesity
2023,MA,Massachusetts,Suffolk,25025,25025120103,BRFSS,Health Outcomes,Stroke among adults,%,Crude prevalence,2.1,1.8,2.4,1642,1366,"{'type': 'Point', 'coordinates': [-71.118142, 42.3117553]}",25025120103,HLTHOUT,STROKE,CrdPrv,Stroke
2023,MA,Massachusetts,Suffolk,25025,25025120104,BRFSS,Health Outcomes,Arthritis among adults,%,Crude prevalence,15.6,13.9,17.4,2373,2040,"{'type': 'Point', 'coordinates': [-71.1170951, 42.3042695]}",25025120104,HLTHOUT,ARTHRITIS,CrdPrv,Arthritis
2023,MA,Massachusetts,Suffolk,25025,25025130200,BRFSS,Health Outcomes,Stroke among adults,%,Crude prevalence,2.4,2.1,2.7,4708,3821,"{'type': 'Point', 'coordinates': [-71.157012, 42.2873319]}",25025130200,HLTHOUT,STROKE,CrdPrv,Stroke
2023,MA,Massachusetts,Suffolk,25025,25025140105,BRFSS,Health Outcomes,Obesity among adults,%,Crude prevalence,27.6,24.0,31.8,3592,2934,"{'type': 'Point', 'coordinates': [-71.1251854, 42.2680071]}",25025140105,HLTHOUT,OBESITY,CrdPrv,Obesity
2023,MA,Massachusetts,Suffolk,25025,25025140106,BRFSS,Health Outcomes,Stroke among adults,%,Crude prevalence,4.1,3.6,4.5,2178,1629,"{'type': 'Point', 'coordinates': [-71.1371416, 42.2738738]}",25025140106,HLTHOUT,STROKE,CrdPrv,Stroke
2023,MA,Massachusetts,Suffolk,25025,25025140300,BRFSS,Health Outcomes,Obesity among adults,%,Crude prevalence,30.1,26.3,34.5,6843,5515,"{'type': 'Point', 'coordinates': [-71.1188131, 42.2587734]}",25025140300,HLTHOUT,OBESITY,CrdPrv,Obesity
2023,MA,Massachusetts,Suffolk,25025,25025170102,BRFSS,Health Outcomes,Stroke among adults,%,Crude prevalence,2.6,2.3,2.9,5015,3869,"{'type': 'Point', 'coordinates': [-71.0225866, 42.4130325]}",25025170102,HLTHOUT,STROKE,CrdPrv,Stroke
2023,MA,Massachusetts,Suffolk,25025,25025170200,BRFSS,Health Outcomes,Depression among adults,%,Crude prevalence,25.0,22.4,27.9,5305,4110,"{'type': 'Point', 'coordinates': [-71.0198559, 42.4167931]}",25025170200,HLTHOUT,DEPRESSION,CrdPrv,Depression
2023,MA,Massachusetts,Suffolk,25025,25025170302,BRFSS,Health Outcomes,Obesity among adults,%,Crude prevalence,24.5,21.2,28.3,4051,3300,"{'type': 'Point', 'coordinates': [-71.0113143, 42.433429]}",25025170302,HLTHOUT,OBESITY,CrdPrv,Obesity
2023,MA,Massachusetts,Suffolk,25025,25025170400,BRFSS,Health Outcomes,Stroke among adults,%,Crude prevalence,3.4,3.1,3.8,5761,4442,"{'type': 'Point', 'coordinates': [-70.9979159, 42.4237393]}",25025170400,HLTHOUT,STROKE,CrdPrv,Stroke
2023,MA,Massachusetts,Suffolk,25025,25025980900,BRFSS,Health Outcomes,Arthritis among adults,%,Crude prevalence,22.3,20.0,24.8,125,104,"{'type': 'Point', 'coordinates': [-71.1801892, 42.2853953]}",25025980900,HLTHOUT,ARTHRITIS,CrdPrv,Arthritis
2023,MA,Massachusetts,Suffolk,25025,25025000601,BRFSS,Health Risk Behaviors,Current cigarette smoking among adults,%,Crude prevalence,7.6,5.6,10.3,3758,3417,"{'type': 'Point', 'coordinates': [-71.1456705, 42.350982]}",25025000601,RISKBEH,CSMOKING,CrdPrv,Current Cigarette Smoking
2023,MA,Massachusetts,Suffolk,25025,25025000505,BRFSS,Disability,Cognitive disability among adults,%,Crude prevalence,12.1,10.1,14.9,2196,2079,"{'type': 'Point', 'coordinates': [-71.1411123, 42.3431835]}",25025000505,DISABLT,COGNITION,CrdPrv,Cognitive Disability
2023,MA,Massachusetts,Suffolk,25025,25025000401,BRFSS,Health Outcomes,High blood pressure among adults,%,Crude prevalence,23.9,21.9,26.3,5853,5439,"{'type': 'Point', 'coordinates': [-71.1492929, 42.3438495]}",25025000401,HLTHOUT,BPHIGH,CrdPrv,High Blood Pressure
2023,MA,Massachusetts,Suffolk,25025,25025000806,BRFSS,Health Status,Fair or poor self-rated health status among adults,%,Crude prevalence,10.1,8.5,12.0,1972,1844,"{'type': 'Point', 'coordinates': [-71.1264765, 42.3636765]}",25025000806,HLTHSTAT,GHLTH,CrdPrv,General Health
2023,MA,Massachusetts,Suffolk,25025,25025000201,BRFSS,Health Outcomes,Arthritis among adults,%,Crude prevalence,12.4,11.0,14.0,3953,3545,"{'type': 'Point', 'coordinates': [-71.1611678, 42.3540651]}",25025000201,HLTHOUT,ARTHRITIS,CrdPrv,Arthritis
2023,MA,Massachusetts,Suffolk,25025,25025000402,BRFSS,Prevention,Visits to doctor for routine checkup within the past year among adults,%,Crude prevalence,74.8,71.8,77.8,3644,3218,"{'type': 'Point', 'coordinates': [-71.1588288, 42.3441742]}",25025000402,PREVENT,CHECKUP,CrdPrv,Annual Checkup
2023,MA,Massachusetts,Suffolk,25025,25025000503,BRFSS,Health Outcomes,Coronary heart disease among adults,%,Crude prevalence,2.0,1.8,2.3,2418,2340,"{'type': 'Point', 'coordinates': [-71.1500865, 42.3396411]}",25025000503,HLTHOUT,CHD,CrdPrv,Coronary Heart Disease
2023,MA,Massachusetts,Suffolk,25025,25025000704,BRFSS,Prevention,Cholesterol screening among adults,%,Crude prevalence,82.9,79.8,85.4,5312,4929,"{'type': 'Point', 'coordinates': [-71.1334045, 42.3500028]}",25025000704,PREVENT,CHOLSCREEN,CrdPrv,Cholesterol Screening
2023,MA,Massachusetts,Suffolk,25025,25025000301,BRFSS,Prevention,Taking medicine to control high blood pressure among adults with high blood pressure,%,Crude prevalence,65.7,62.9,68.3,3136,2872,"{'type': 'Point', 'coordinates': [-71.16882, 42.3541444]}",25025000301,PREVENT,BPMED,CrdPrv,High Blood Pressure Medication
2023,MA,Massachusetts,Suffolk,25025,25025000701,BRFSS,Disability,Independent living disability among adults,%,Crude prevalence,5.0,4.3,6.0,4517,4319,"{'type': 'Point', 'coordinates': [-71.1379847, 42.346958]}",25025000701,DISABLT,INDEPLIVE,CrdPrv,Independent Living Disability
2023,MA,Massachusetts,Suffolk,25025,25025000102,BRFSS,Prevention,Current lack of health insurance among adults aged 18-64 years,%,Crude prevalence,6.5,5.0,8.7,3714,3110,"{'type': 'Point', 'coordinates': [-71.1439885, 42.3590809]}",25025000102,PREVENT,ACCESS2,CrdPrv,Health Insurance
2023,MA,Massachusetts,Suffolk,25025,25025000704,BRFSS,Health Outcomes,High cholesterol among adults who have ever been screened,%,Crude prevalence,22.4,20.3,24.9,5312,4929,"{'type': 'Point', 'coordinates': [-71.1334045, 42.3500028]}",25025000704,HLTHOUT,HIGHCHOL,CrdPrv,High Cholesterol
2023,MA,Massachusetts,Suffolk,25025,25025000401,BRFSS,Health Status,Frequent mental distress among adults,%,Crude prevalence,16.0,14.1,18.6,5853,5439,"{'type': 'Point', 'coordinates': [-71.1492929, 42.3438495]}",25025000401,HLTHSTAT,MHLTH,CrdPrv,Frequent Mental Distress
2023,MA,Massachusetts,Suffolk,25025,25025000603,BRFSS,Prevention,Visits to doctor for routine checkup within the past year among adults,%,Crude prevalence,79.7,77.3,82.1,1757,1460,"{'type': 'Point', 'coordinates': [-71.1449263, 42.3476014]}",25025000603,PREVENT,CHECKUP,CrdPrv,Annual Checkup
2023,MA,Massachusetts,Suffolk,25025,25025000701,BRFSS,Health Outcomes,High blood pressure among adults,%,Crude prevalence,13.5,12.0,15.1,4517,4319,"{'type': 'Point', 'coordinates': [-71.1379847, 42.346958]}",25025000701,HLTHOUT,BPHIGH,CrdPrv,High Blood Pressure
2023,MA,Massachusetts,Suffolk,25025,25025000506,BRFSS,Disability,Mobility disability among adults,%,Crude prevalence,6.1,5.1,7.3,2895,2772,"{'type': 'Point', 'coordinates': [-71.1459005, 42.3401535]}",25025000506,DISABLT,MOBILITY,CrdPrv,Mobility Disability
2023,MA,Massachusetts,Suffolk,25025,25025000701,BRFSS,Disability,Mobility disability among adults,%,Crude prevalence,3.6,3.1,4.2,4517,4319,"{'type': 'Point', 'coordinates': [-71.1379847, 42.346958]}",25025000701,DISABLT,MOBILITY,CrdPrv,Mobility Disability
2022,MA,Massachusetts,Suffolk,25025,25025000506,BRFSS,Prevention,Visited dentist or dental clinic in the past year among adults,%,Crude prevalence,68.2,65.6,70.8,2895,2772,"{'type': 'Point', 'coordinates': [-71.1459005, 42.3401535]}",25025000506,PREVENT,DENTAL,CrdPrv,Dental Visit
2023,MA,Massachusetts,Suffolk,25025,25025000806,BRFSS,Health-Related Social Needs,Utility services shut-off threat in the past 12 months among adults,%,Crude prevalence,7.8,6.3,9.4,1972,1844,"{'type': 'Point', 'coordinates': [-71.1264765, 42.3636765]}",25025000806,SOCLNEED,SHUTUTILITY,CrdPrv,Utility Services Threat
2023,MA,Massachusetts,Suffolk,25025,25025000601,BRFSS,Health Outcomes,Current asthma among adults,%,Crude prevalence,10.3,9.2,11.6,3758,3417,"{'type': 'Point', 'coordinates': [-71.1456705, 42.350982]}",25025000601,HLTHOUT,CASTHMA,CrdPrv,Current Asthma
2023,MA,Massachusetts,Suffolk,25025,25025010104,BRFSS,Health-Related Social Needs,Lack of social and emotional support among adults,%,Crude prevalence,23.9,20.3,27.8,5063,4946,"{'type': 'Point', 'coordinates': [-71.0937493, 42.34943]}",25025010104,SOCLNEED,EMOTIONSPT,CrdPrv,Lack of Social/Emotional Support
2023,MA,Massachusetts,Suffolk,25025,25025000503,BRFSS,Disability,Vision disability among adults,%,Crude prevalence,2.2,1.9,2.5,2418,2340,"{'type': 'Point', 'coordinates': [-71.1500865, 42.3396411]}",25025000503,DISABLT,VISION,CrdPrv,Vision Disability
2023,MA,Massachusetts,Suffolk,25025,25025000201,BRFSS,Health Outcomes,Coronary heart disease among adults,%,Crude prevalence,2.7,2.4,3.1,3953,3545,"{'type': 'Point', 'coordinates': [-71.1611678, 42.3540651]}",25025000201,HLTHOUT,CHD,CrdPrv,Coronary Heart Disease
2023,MA,Massachusetts,Suffolk,25025,25025000701,BRFSS,Health-Related Social Needs,Lack of social and emotional support among adults,%,Crude prevalence,20.9,18.2,24.0,4517,4319,"{'type': 'Point', 'coordinates': [-71.1379847, 42.346958]}",25025000701,SOCLNEED,EMOTIONSPT,CrdPrv,Lack of Social/Emotional Support
2023,MA,Massachusetts,Suffolk,25025,25025000101,BRFSS,Disability,Hearing disability among adults,%,Crude prevalence,2.9,2.5,3.3,1876,1723,"{'type': 'Point', 'coordinates': [-71.133051, 42.3608778]}",25025000101,DISABLT,HEARING,CrdPrv,Hearing Disability
2023,MA,Massachusetts,Suffolk,25025,25025000604,BRFSS,Prevention,Current lack of health insurance among adults aged 18-64 years,%,Crude prevalence,5.4,4.2,6.9,2591,2390,"{'type': 'Point', 'coordinates': [-71.1397725, 42.351044]}",25025000604,PREVENT,ACCESS2,CrdPrv,Health Insurance
2023,MA,Massachusetts,Suffolk,25025,25025000202,BRFSS,Disability,Cognitive disability among adults,%,Crude prevalence,16.3,13.1,20.1,4148,3520,"{'type': 'Point', 'coordinates': [-71.1543443, 42.3526051]}",25025000202,DISABLT,COGNITION,CrdPrv,Cognitive Disability
2023,MA,Massachusetts,Suffolk,25025,25025000202,BRFSS,Disability,Mobility disability among adults,%,Crude prevalence,9.1,7.7,10.7,4148,3520,"{'type': 'Point', 'coordinates': [-71.1543443, 42.3526051]}",25025000202,DISABLT,MOBILITY,CrdPrv,Mobility Disability
2023,MA,Massachusetts,Suffolk,25025,25025000806,BRFSS,Health-Related Social Needs,Housing insecurity in the past 12 months among adults,%,Crude prevalence,13.1,10.5,15.9,1972,1844,"{'type': 'Point', 'coordinates': [-71.1264765, 42.3636765]}",25025000806,SOCLNEED,HOUSINSECU,CrdPrv,Housing Insecurity
2023,MA,Massachusetts,Suffolk,25025,25025000604,BRFSS,Health-Related Social Needs,Lack of reliable transportation in the past 12 months among adults,%,Crude prevalence,11.1,9.5,13.1,2591,2390,"{'type': 'Point', 'coordinates': [-71.1397725, 42.351044]}",25025000604,SOCLNEED,LACKTRPT,CrdPrv,Transportation Barriers
2023,MA,Massachusetts,Suffolk,25025,25025000807,BRFSS,Health Outcomes,High cholesterol among adults who have ever been screened,%,Crude prevalence,17.0,15.0,19.2,2282,2269,"{'type': 'Point', 'coordinates': [-71.1168882, 42.3524656]}",25025000807,HLTHOUT,HIGHCHOL,CrdPrv,High Cholesterol
2023,MA,Massachusetts,Suffolk,25025,25025000201,BRFSS,Disability,Vision disability among adults,%,Crude prevalence,3.0,2.5,3.7,3953,3545,"{'type': 'Point', 'coordinates': [-71.1611678, 42.3540651]}",25025000201,DISABLT,VISION,CrdPrv,Vision Disability
2023,MA,Massachusetts,Suffolk,25025,25025000401,BRFSS,Health-Related Social Needs,Utility services shut-off threat in the past 12 months among adults,%,Crude prevalence,6.1,4.8,7.8,5853,5439,"{'type': 'Point', 'coordinates': [-71.1492929, 42.3438495]}",25025000401,SOCLNEED,SHUTUTILITY,CrdPrv,Utility Services Threat
2023,MA,Massachusetts,Suffolk,25025,25025010104,BRFSS,Health Outcomes,Cancer (non-skin) or melanoma among adults,%,Crude prevalence,3.4,3.1,3.8,5063,4946,"{'type': 'Point', 'coordinates': [-71.0937493, 42.34943]}",25025010104,HLTHOUT,CANCER,CrdPrv,Cancer (non-skin) or Melanoma
2023,MA,Massachusetts,Suffolk,25025,25025000301,BRFSS,Health Risk Behaviors,Binge drinking among adults,%,Crude prevalence,25.0,22.3,28.0,3136,2872,"{'type': 'Point', 'coordinates': [-71.16882, 42.3541444]}",25025000301,RISKBEH,BINGE,CrdPrv,Binge Drinking
2023,MA,Massachusetts,Suffolk,25025,25025000101,BRFSS,Health Outcomes,Coronary heart disease among adults,%,Crude prevalence,2.2,2.0,2.5,1876,1723,"{'type': 'Point', 'coordinates': [-71.133051, 42.3608778]}",25025000101,HLTHOUT,CHD,CrdPrv,Coronary Heart Disease
2023,MA,Massachusetts,Suffolk,25025,25025010103,BRFSS,Health Risk Behaviors,No leisure-time physical activity among adults,%,Crude prevalence,17.7,14.1,21.5,4697,4667,"{'type': 'Point', 'coordinates': [-71.1034992, 42.3498504]}",25025010103,RISKBEH,LPA,CrdPrv,Physical Inactivity
2023,MA,Massachusetts,Suffolk,25025,25025000804,BRFSS,Health Outcomes,Depression among adults,%,Crude prevalence,22.9,20.4,25.7,3813,3298,"{'type': 'Point', 'coordinates': [-71.1308995, 42.3586255]}",25025000804,HLTHOUT,DEPRESSION,CrdPrv,Depression
2023,MA,Massachusetts,Suffolk,25025,25025000201,BRFSS,Health Status,Frequent physical distress among adults,%,Crude prevalence,8.6,7.2,10.4,3953,3545,"{'type': 'Point', 'coordinates': [-71.1611678, 42.3540651]}",25025000201,HLTHSTAT,PHLTH,CrdPrv,Frequent Physical Distress
2023,MA,Massachusetts,Suffolk,25025,25025000401,BRFSS,Health Outcomes,Depression among adults,%,Crude prevalence,23.8,21.3,26.6,5853,5439,"{'type': 'Point', 'coordinates': [-71.1492929, 42.3438495]}",25025000401,HLTHOUT,DEPRESSION,CrdPrv,Depression
2023,MA,Massachusetts,Suffolk,25025,25025000506,BRFSS,Health Status,Fair or poor self-rated health status among adults,%,Crude prevalence,10.6,8.9,13.2,2895,2772,"{'type': 'Point', 'coordinates': [-71.1459005, 42.3401535]}",25025000506,HLTHSTAT,GHLTH,CrdPrv,General Health
2022,MA,Massachusetts,Suffolk,25025,25025000302,BRFSS,Prevention,Colorectal cancer screening among adults aged 45–75 years,%,Crude prevalence,72.1,69.0,75.1,3072,2822,"{'type': 'Point', 'coordinates': [-71.1676864, 42.3472585]}",25025000302,PREVENT,COLON_SCREEN,CrdPrv,Colorectal Cancer Screening
2023,MA,Massachusetts,Suffolk,25025,25025000805,BRFSS,Health Outcomes,Obesity among adults,%,Crude prevalence,17.1,14.5,20.2,4616,4327,"{'type': 'Point', 'coordinates': [-71.1278821, 42.3539909]}",25025000805,HLTHOUT,OBESITY,CrdPrv,Obesity
2023,MA,Massachusetts,Suffolk,25025,25025000703,BRFSS,Health Outcomes,Current asthma among adults,%,Crude prevalence,10.8,9.7,12.1,2442,2360,"{'type': 'Point', 'coordinates': [-71.1282176, 42.3513284]}",25025000703,HLTHOUT,CASTHMA,CrdPrv,Current Asthma
2023,MA,Massachusetts,Suffolk,25025,25025000807,BRFSS,Disability,Any disability among adults,%,Crude prevalence,35.5,32.0,39.0,2282,2269,"{'type': 'Point', 'coordinates': [-71.1168882, 42.3524656]}",25025000807,DISABLT,DISABILITY,CrdPrv,Any Disability
2023,MA,Massachusetts,Suffolk,25025,25025000502,BRFSS,Health Outcomes,Depression among adults,%,Crude prevalence,28.8,25.6,31.9,6986,6744,"{'type': 'Point', 'coordinates': [-71.1574973, 42.3315048]}",25025000502,HLTHOUT,DEPRESSION,CrdPrv,Depression
2023,MA,Massachusetts,Suffolk,25025,25025000604,BRFSS,Health Status,Frequent physical distress among adults,%,Crude prevalence,9.9,8.7,11.3,2591,2390,"{'type': 'Point', 'coordinates': [-71.1397725, 42.351044]}",25025000604,HLTHSTAT,PHLTH,CrdPrv,Frequent Physical Distress
2023,MA,Massachusetts,Suffolk,25025,25025000804,BRFSS,Health Outcomes,Cancer (non-skin) or melanoma among adults,%,Crude prevalence,3.8,3.4,4.2,3813,3298,"{'type': 'Point', 'coordinates': [-71.1308995, 42.3586255]}",25025000804,HLTHOUT,CANCER,CrdPrv,Cancer (non-skin) or Melanoma
2023,MA,Massachusetts,Suffolk,25025,25025000301,BRFSS,Health Outcomes,High cholesterol among adults who have ever been screened,%,Crude prevalence,27.2,24.7,29.7,3136,2872,"{'type': 'Point', 'coordinates': [-71.16882, 42.3541444]}",25025000301,HLTHOUT,HIGHCHOL,CrdPrv,High Cholesterol
2023,MA,Massachusetts,Suffolk,25025,25025000202,BRFSS,Health Outcomes,Chronic obstructive pulmonary disease among adults,%,Crude prevalence,4.8,3.9,5.9,4148,3520,"{'type': 'Point', 'coordinates': [-71.1543443, 42.3526051]}",25025000202,HLTHOUT,COPD,CrdPrv,COPD
2023,MA,Massachusetts,Suffolk,25025,25025000804,BRFSS,Health-Related Social Needs,Received food stamps in the past 12 months among adults,%,Crude prevalence,13.9,10.9,17.4,3813,3298,"{'type': 'Point', 'coordinates': [-71.1308995, 42.3586255]}",25025000804,SOCLNEED,FOODSTAMP,CrdPrv,Food Stamps
2023,MA,Massachusetts,Suffolk,25025,25025000402,BRFSS,Health-Related Social Needs,Loneliness among adults,%,Crude prevalence,38.3,33.9,42.9,3644,3218,"{'type': 'Point', 'coordinates': [-71.1588288, 42.3441742]}",25025000402,SOCLNEED,LONELINESS,CrdPrv,Loneliness
2023,MA,Massachusetts,Suffolk,25025,25025010103,BRFSS,Prevention,Cholesterol screening among adults,%,Crude prevalence,73.3,69.2,77.5,4697,4667,"{'type': 'Point', 'coordinates': [-71.1034992, 42.3498504]}",25025010103,PREVENT,CHOLSCREEN,CrdPrv,Cholesterol Screening
2023,MA,Massachusetts,Suffolk,25025,25025000804,BRFSS,Health Outcomes,Stroke among adults,%,Crude prevalence,1.6,1.5,1.8,3813,3298,"{'type': 'Point', 'coordinates': [-71.1308995, 42.3586255]}",25025000804,HLTHOUT,STROKE,CrdPrv,Stroke
2023,MA,Massachusetts,Suffolk,25025,25025000101,BRFSS,Prevention,Visits to doctor for routine checkup within the past year among adults,%,Crude prevalence,74.7,71.6,77.6,1876,1723,"{'type': 'Point', 'coordinates': [-71.133051, 42.3608778]}",25025000101,PREVENT,CHECKUP,CrdPrv,Annual Checkup
2023,MA,Massachusetts,Suffolk,25025,25025000503,BRFSS,Health-Related Social Needs,Received food stamps in the past 12 months among adults,%,Crude prevalence,7.7,5.6,11.1,2418,2340,"{'type': 'Point', 'coordinates': [-71.1500865, 42.3396411]}",25025000503,SOCLNEED,FOODSTAMP,CrdPrv,Food Stamps
2023,MA,Massachusetts,Suffolk,25025,25025000807,BRFSS,Health Outcomes,Obesity among adults,%,Crude prevalence,24.6,21.2,28.5,2282,2269,"{'type': 'Point', 'coordinates': [-71.1168882, 42.3524656]}",25025000807,HLTHOUT,OBESITY,CrdPrv,Obesity
2023,MA,Massachusetts,Suffolk,25025,25025000701,BRFSS,Prevention,Visits to doctor for routine checkup within the past year among adults,%,Crude prevalence,73.8,70.8,76.8,4517,4319,"{'type': 'Point', 'coordinates': [-71.1379847, 42.346958]}",25025000701,PREVENT,CHECKUP,CrdPrv,Annual Checkup
2022,MA,Massachusetts,Suffolk,25025,25025000506,BRFSS,Health Risk Behaviors,Short sleep duration among adults,%,Crude prevalence,29.2,26.0,32.6,2895,2772,"{'type': 'Point', 'coordinates': [-71.1459005, 42.3401535]}",25025000506,RISKBEH,SLEEP,CrdPrv,Short Sleep Duration
2023,MA,Massachusetts,Suffolk,25025,25025000401,BRFSS,Health Outcomes,Diagnosed diabetes among adults,%,Crude prevalence,7.3,6.4,8.4,5853,5439,"{'type': 'Point', 'coordinates': [-71.1492929, 42.3438495]}",25025000401,HLTHOUT,DIABETES,CrdPrv,Diabetes
2022,MA,Massachusetts,Suffolk,25025,25025000505,BRFSS,Prevention,Mammography use among women aged 50-74 years,%,Crude prevalence,83.7,79.2,87.4,2196,2079,"{'type': 'Point', 'coordinates': [-71.1411123, 42.3431835]}",25025000505,PREVENT,MAMMOUSE,CrdPrv,Mammography
2023,MA,Massachusetts,Suffolk,25025,25025000506,BRFSS,Health-Related Social Needs,Housing insecurity in the past 12 months among adults,%,Crude prevalence,8.6,6.9,11.3,2895,2772,"{'type': 'Point', 'coordinates': [-71.1459005, 42.3401535]}",25025000506,SOCLNEED,HOUSINSECU,CrdPrv,Housing Insecurity
2022,MA,Massachusetts,Suffolk,25025,25025000102,BRFSS,Prevention,Visited dentist or dental clinic in the past year among adults,%,Crude prevalence,60.2,57.6,63.0,3714,3110,"{'type': 'Point', 'coordinates': [-71.1439885, 42.3590809]}",25025000102,PREVENT,DENTAL,CrdPrv,Dental Visit
2023,MA,Massachusetts,Suffolk,25025,25025000302,BRFSS,Health Outcomes,High cholesterol among adults who have ever been screened,%,Crude prevalence,28.9,26.3,31.4,3072,2822,"{'type': 'Point', 'coordinates': [-71.1676864, 42.3472585]}",25025000302,HLTHOUT,HIGHCHOL,CrdPrv,High Cholesterol
2023,MA,Massachusetts,Suffolk,25025,25025000601,BRFSS,Health Risk Behaviors,No leisure-time physical activity among adults,%,Crude prevalence,16.4,13.5,19.9,3758,3417,"{'type': 'Point', 'coordinates': [-71.1456705, 42.350982]}",25025000601,RISKBEH,LPA,CrdPrv,Physical Inactivity
2022,MA,Massachusetts,Suffolk,25025,25025000506,BRFSS,Prevention,Colorectal cancer screening among adults aged 45–75 years,%,Crude prevalence,73.7,70.6,76.7,2895,2772,"{'type': 'Point', 'coordinates': [-71.1459005, 42.3401535]}",25025000506,PREVENT,COLON_SCREEN,CrdPrv,Colorectal Cancer Screening
2023,MA,Massachusetts,Suffolk,25025,25025000503,BRFSS,Health Outcomes,High blood pressure among adults,%,Crude prevalence,14.3,12.7,16.1,2418,2340,"{'type': 'Point', 'coordinates': [-71.1500865, 42.3396411]}",25025000503,HLTHOUT,BPHIGH,CrdPrv,High Blood Pressure
2023,MA,Massachusetts,Suffolk,25025,25025000806,BRFSS,Prevention,Taking medicine to control high blood pressure among adults with high blood pressure,%,Crude prevalence,40.7,37.2,44.5,1972,1844,"{'type': 'Point', 'coordinates': [-71.1264765, 42.3636765]}",25025000806,PREVENT,BPMED,CrdPrv,High Blood Pressure Medication
2023,MA,Massachusetts,Suffolk,25025,25025000506,BRFSS,Prevention,Current lack of health insurance among adults aged 18-64 years,%,Crude prevalence,3.5,2.7,5.3,2895,2772,"{'type': 'Point', 'coordinates': [-71.1459005, 42.3401535]}",25025000506,PREVENT,ACCESS2,CrdPrv,Health Insurance
2023,MA,Massachusetts,Suffolk,25025,25025000603,BRFSS,Health-Related Social Needs,Received food stamps in the past 12 months among adults,%,Crude prevalence,32.3,28.0,37.0,1757,1460,"{'type': 'Point', 'coordinates': [-71.1449263, 42.3476014]}",25025000603,SOCLNEED,FOODSTAMP,CrdPrv,Food Stamps
2023,MA,Massachusetts,Suffolk,25025,25025000604,BRFSS,Disability,Vision disability among adults,%,Crude prevalence,4.5,4.0,5.1,2591,2390,"{'type': 'Point', 'coordinates': [-71.1397725, 42.351044]}",25025000604,DISABLT,VISION,CrdPrv,Vision Disability
2023,MA,Massachusetts,Suffolk,25025,25025000703,BRFSS,Prevention,Current lack of health insurance among adults aged 18-64 years,%,Crude prevalence,4.2,3.3,5.4,2442,2360,"{'type': 'Point', 'coordinates': [-71.1282176, 42.3513284]}",25025000703,PREVENT,ACCESS2,CrdPrv,Health Insurance
2023,MA,Massachusetts,Suffolk,25025,25025000704,BRFSS,Health Outcomes,Cancer (non-skin) or melanoma among adults,%,Crude prevalence,2.7,2.5,3.0,5312,4929,"{'type': 'Point', 'coordinates': [-71.1334045, 42.3500028]}",25025000704,HLTHOUT,CANCER,CrdPrv,Cancer (non-skin) or Melanoma
2023,MA,Massachusetts,Suffolk,25025,25025000805,BRFSS,Health Outcomes,Chronic obstructive pulmonary disease among adults,%,Crude prevalence,2.6,2.2,3.1,4616,4327,"{'type': 'Point', 'coordinates': [-71.1278821, 42.3539909]}",25025000805,HLTHOUT,COPD,CrdPrv,COPD
2023,MA,Massachusetts,Suffolk,25025,25025000704,BRFSS,Health-Related Social Needs,Utility services shut-off threat in the past 12 months among adults,%,Crude prevalence,6.6,5.3,8.1,5312,4929,"{'type': 'Point', 'coordinates': [-71.1334045, 42.3500028]}",25025000704,SOCLNEED,SHUTUTILITY,CrdPrv,Utility Services Threat
2023,MA,Massachusetts,Suffolk,25025,25025000402,BRFSS,Health Status,Frequent mental distress among adults,%,Crude prevalence,17.1,14.6,19.8,3644,3218,"{'type': 'Point', 'coordinates': [-71.1588288, 42.3441742]}",25025000402,HLTHSTAT,MHLTH,CrdPrv,Frequent Mental Distress
